bin,n,predicted,observed,model
"(0.315, 0.486]",504,0.46637870686571015,0.4595492486592049,logistic
"(0.486, 0.508]",504,0.4976994062158644,0.49483011660857873,logistic
"(0.508, 0.525]",503,0.5170417099777601,0.4963513979292687,logistic
"(0.525, 0.539]",504,0.5320109690693385,0.49604619056947147,logistic
"(0.539, 0.553]",503,0.5458047343947482,0.5476307627634075,logistic
"(0.553, 0.568]",504,0.5593168203269654,0.5412157029818067,logistic
"(0.568, 0.583]",503,0.5751251473629827,0.5600946716720888,logistic
"(0.583, 0.601]",504,0.5914702631766778,0.6984331853497766,logistic
"(0.601, 0.625]",503,0.6119860684721441,0.6618272474494964,logistic
"(0.625, 0.85]",504,0.6482212927150702,0.6248155974546589,logistic
"(0.283, 0.452]",504,0.41815001644172917,0.41737460412384725,spline_logistic
"(0.452, 0.49]",504,0.4722400811267311,0.5022033563244978,spline_logistic
"(0.49, 0.519]",503,0.5056705850935286,0.4386928224246696,spline_logistic
"(0.519, 0.544]",504,0.5321324028591355,0.5024524535822477,spline_logistic
"(0.544, 0.565]",503,0.5543601801916093,0.4862712172920694,spline_logistic
"(0.565, 0.582]",504,0.5741345195184333,0.6504807373080119,spline_logistic
"(0.582, 0.601]",503,0.5917077306460368,0.6381139508025704,spline_logistic
"(0.601, 0.623]",504,0.6119731875127657,0.576634928770396,spline_logistic
"(0.623, 0.648]",503,0.6342651717301018,0.6776339637899488,spline_logistic
"(0.648, 0.86]",504,0.6733887815740606,0.710412665277651,spline_logistic
"(0.256, 0.449]",504,0.41070186061198427,0.4522370499987806,random_forest
"(0.449, 0.486]",504,0.47028533003871664,0.47335724075665647,random_forest
"(0.486, 0.513]",503,0.49981209593002507,0.46825191429304214,random_forest
"(0.513, 0.534]",504,0.5230956191308177,0.5252971939041418,random_forest
"(0.534, 0.552]",503,0.5431372331909419,0.5289863275356644,random_forest
"(0.552, 0.571]",504,0.5619617396983041,0.5382589099312193,random_forest
"(0.571, 0.592]",503,0.5816541576786048,0.5456616382615855,random_forest
"(0.592, 0.617]",504,0.6040567844051828,0.6322996045420125,random_forest
"(0.617, 0.656]",503,0.6354667017359529,0.6697389335618564,random_forest
"(0.656, 0.85]",504,0.6986325652279219,0.7080126242901861,random_forest
"(0.196, 0.403]",504,0.35409456281816193,0.4707941604070753,hist_gradient_boosting
"(0.403, 0.456]",504,0.4293625567569235,0.4711104879293046,hist_gradient_boosting
"(0.456, 0.493]",503,0.47592073476193336,0.48902406608459115,hist_gradient_boosting
"(0.493, 0.522]",504,0.5086356936198914,0.5342140652210982,hist_gradient_boosting
"(0.522, 0.552]",503,0.5378515174835131,0.4697013675078566,hist_gradient_boosting
"(0.552, 0.582]",504,0.5678091241325134,0.5454863060670448,hist_gradient_boosting
"(0.582, 0.618]",503,0.5997168295482295,0.5805747980399888,hist_gradient_boosting
"(0.618, 0.659]",504,0.6375778624949684,0.6234565741270565,hist_gradient_boosting
"(0.659, 0.704]",503,0.6817849229983345,0.6210750582103546,hist_gradient_boosting
"(0.704, 0.92]",504,0.752928842132082,0.7109761622290082,hist_gradient_boosting
"(0.248, 0.466]",504,0.42662204221417777,0.4965901539088335,svm
"(0.466, 0.496]",504,0.4829558963284354,0.4978189478783883,svm
"(0.496, 0.519]",503,0.5077760518480192,0.546481610217014,svm
"(0.519, 0.538]",504,0.5292609764010591,0.5452300626820877,svm
"(0.538, 0.555]",503,0.5467515109151314,0.556031566298986,svm
"(0.555, 0.571]",504,0.5632564365603447,0.5185110664830782,svm
"(0.571, 0.587]",503,0.5791962822756055,0.5299349487069043,svm
"(0.587, 0.603]",504,0.594941904588833,0.5637690433670173,svm
"(0.603, 0.624]",503,0.6125613332243446,0.6603401431164994,svm
"(0.624, 0.729]",504,0.6461059794368287,0.5964599308615067,svm
"(0.378, 0.487]",1022,0.46062525676389504,0.5207814761493859,decision_tree
"(0.487, 0.492]",525,0.49212369270490924,0.4638508424505184,decision_tree
"(0.492, 0.5]",571,0.49994645283309075,0.490377968038643,decision_tree
"(0.5, 0.583]",986,0.5770307855642338,0.5722205641934899,decision_tree
"(0.583, 0.604]",733,0.6037682533056344,0.56437669012267,decision_tree
"(0.604, 0.658]",406,0.6584053879025485,0.6602921019603549,decision_tree
"(0.658, 0.66]",436,0.6595155258435791,0.6556239864257367,decision_tree
"(0.66, 0.808]",357,0.698440261569193,0.6214695752779446,decision_tree
"(0.324, 0.46]",504,0.4329361611268137,0.4068183457225872,knn
"(0.46, 0.491]",504,0.47712435440529594,0.43781635150328047,knn
"(0.491, 0.513]",503,0.5012263041281382,0.5146001232174665,knn
"(0.513, 0.533]",504,0.5231096687972893,0.5168209948996609,knn
"(0.533, 0.551]",503,0.5421312662662705,0.6044049424925653,knn
"(0.551, 0.567]",504,0.5587786530785658,0.5519805868153941,knn
"(0.567, 0.582]",503,0.5739508096682941,0.6310075922019861,knn
"(0.582, 0.6]",504,0.5911773987834094,0.6123283844947727,knn
"(0.6, 0.625]",503,0.6121590684771755,0.610486407372863,knn
"(0.625, 0.74]",504,0.6513624836717958,0.6967417793699788,knn
"(0.179, 0.398]",504,0.3488770335544768,0.42800464631873536,spline_base
"(0.398, 0.45]",504,0.4261852765635376,0.4419662405023176,spline_base
"(0.45, 0.491]",503,0.47179836499991173,0.5377123784915286,spline_base
"(0.491, 0.524]",504,0.5073484542012301,0.4175585350977398,spline_base
"(0.524, 0.555]",503,0.5389296615564482,0.43603420123955455,spline_base
"(0.555, 0.585]",504,0.5691776457558182,0.5241955601622458,spline_base
"(0.585, 0.618]",503,0.6018469516850269,0.5957736736213944,spline_base
"(0.618, 0.651]",504,0.634916998726008,0.7131132855303881,spline_base
"(0.651, 0.69]",503,0.6676375111331561,0.6291618820687304,spline_base
"(0.69, 0.89]",504,0.7336999442994249,0.7535274814923696,spline_base
"(0.278, 0.454]",504,0.41942958523558477,0.4080125335772793,spline_no_water
"(0.454, 0.492]",504,0.4737117213634707,0.4964039827673866,spline_no_water
"(0.492, 0.52]",503,0.5061327582828317,0.46965240559214255,spline_no_water
"(0.52, 0.545]",504,0.5326542607322748,0.460117966227527,spline_no_water
"(0.545, 0.565]",503,0.5548862462024502,0.5465783682027457,spline_no_water
"(0.565, 0.582]",504,0.5736304099265116,0.5719048081613333,spline_no_water
"(0.582, 0.601]",503,0.5913580488433355,0.6849213394036718,spline_no_water
"(0.601, 0.623]",504,0.6116517776533995,0.5505725701291333,spline_no_water
"(0.623, 0.647]",503,0.6345620287013167,0.6800972485153823,spline_no_water
"(0.647, 0.859]",504,0.6730344469383556,0.732046716666785,spline_no_water
"(0.242, 0.451]",504,0.413162140752357,0.46485099512025113,rf_no_water
"(0.451, 0.487]",504,0.4693033578659313,0.4653339438987928,rf_no_water
"(0.487, 0.515]",503,0.5015924721612403,0.49421911390025475,rf_no_water
"(0.515, 0.534]",504,0.5250485262107137,0.4898677122470113,rf_no_water
"(0.534, 0.554]",503,0.5442825639166026,0.5322517571498693,rf_no_water
"(0.554, 0.572]",504,0.5635283541895905,0.5187256890147793,rf_no_water
"(0.572, 0.592]",503,0.5826695757292533,0.5563912993346429,rf_no_water
"(0.592, 0.616]",504,0.6039969565795724,0.5906273943984355,rf_no_water
"(0.616, 0.653]",503,0.6337560599555783,0.7064535701310605,rf_no_water
"(0.653, 0.85]",504,0.6935175189632916,0.7214180243148204,rf_no_water
"(0.26, 0.427]",504,0.39341005941180396,0.4370736792780907,rf_base
"(0.427, 0.467]",504,0.44611270257826985,0.4539870885655976,rf_base
"(0.467, 0.495]",504,0.48145680199106866,0.5044136949489731,rf_base
"(0.495, 0.523]",503,0.5087069273461565,0.46077293304105055,rf_base
"(0.523, 0.549]",503,0.536056196825017,0.5175230011075077,rf_base
"(0.549, 0.575]",504,0.5624164312212,0.563486009024979,rf_base
"(0.575, 0.603]",503,0.5885571967475672,0.5703347090190898,rf_base
"(0.603, 0.639]",504,0.6179207840499291,0.6348413656601251,rf_base
"(0.639, 0.696]",503,0.6639940079727994,0.6621067147389277,rf_base
"(0.696, 0.916]",504,0.7413234507133246,0.7247818166450669,rf_base
"(0.282, 0.45]",504,0.4172005644587958,0.41915545382892694,spline_extended
"(0.45, 0.489]",504,0.47066576756907175,0.48524525414482966,spline_extended
"(0.489, 0.519]",503,0.5047527140732243,0.43819504239819584,spline_extended
"(0.519, 0.543]",504,0.5308993474430035,0.5085596862642657,spline_extended
"(0.543, 0.563]",503,0.5535511466364578,0.4810230359522932,spline_extended
"(0.563, 0.583]",504,0.5722734019046793,0.6078292251753674,spline_extended
"(0.583, 0.603]",503,0.5924395748254063,0.6539550525610666,spline_extended
"(0.603, 0.624]",504,0.6124936269808403,0.5808174329850337,spline_extended
"(0.624, 0.649]",503,0.635446608538888,0.7016808848090407,spline_extended
"(0.649, 0.858]",504,0.6743033329089447,0.7194542692604861,spline_extended
"(0.264, 0.462]",504,0.42752073161770476,0.415205442653093,spline_no_teeth
"(0.462, 0.504]",504,0.48455055878119746,0.4657975913792095,spline_no_teeth
"(0.504, 0.531]",503,0.5178892155718311,0.5171201275824888,spline_no_teeth
"(0.531, 0.548]",504,0.5395980371055138,0.5549758197486105,spline_no_teeth
"(0.548, 0.564]",503,0.5556028632315163,0.5241216614802792,spline_no_teeth
"(0.564, 0.578]",504,0.5705462652497428,0.554932261005184,spline_no_teeth
"(0.578, 0.592]",503,0.5853303278155202,0.6102248900324435,spline_no_teeth
"(0.592, 0.609]",504,0.5996919276769581,0.6056567627600661,spline_no_teeth
"(0.609, 0.629]",503,0.6179800809734376,0.6860636732578016,spline_no_teeth
"(0.629, 0.86]",504,0.6506146220226041,0.6388337676541662,spline_no_teeth
