term,coef,se,ci_low,ci_high,p_value,model,family
Intercept,-1.794083326824358,0.5780662902025904,-2.9283862092307413,-0.6597804444179745,0.0019632378078954502,Primary linear water,binomial
C(sex)[T.Male],0.3693325151938432,0.10989879443848384,0.153685068841504,0.5849799615461824,0.0008056921952190967,Primary linear water,binomial
C(region)[T.02 Tarapaca],-0.1131184772018839,0.26855083040220107,-0.6400787690588738,0.4138418146551061,0.6736824301137185,Primary linear water,binomial
C(region)[T.03 Antofagasta],-0.1883653472094009,0.2401042495510597,-0.6595067144881257,0.28277602006932395,0.43291587618994104,Primary linear water,binomial
C(region)[T.04 Atacama],-0.15347062019179333,0.23322397162117087,-0.6111112536967241,0.30417001331313753,0.5106575863783749,Primary linear water,binomial
C(region)[T.05 Coquimbo],0.4656422196089677,0.24572284130801156,-0.01652415454698175,0.9478085937649171,0.05836959310956429,Primary linear water,binomial
C(region)[T.06 Valparaiso],-0.23316581309764506,0.19857677734922696,-0.6228204508853952,0.156488824690105,0.2405885685637765,Primary linear water,binomial
C(region)[T.07 Metropolitan],0.12224969185650934,0.18236753941211806,-0.23559858457564276,0.48009796828866147,0.5027841679136061,Primary linear water,binomial
C(region)[T.08 O'Higgins],1.0273451477323787,0.2834234633580036,0.47120122985072177,1.5834890656140357,0.000303152948180778,Primary linear water,binomial
C(region)[T.09 Maule],0.13985985126688494,0.29735382266591603,-0.4436187287179434,0.7233384312517133,0.6382043750216352,Primary linear water,binomial
C(region)[T.10 Biobio],0.434960984616847,0.23761166599428477,-0.03128934376027076,0.9012113129939647,0.06745180990626452,Primary linear water,binomial
C(region)[T.11 La Araucania],0.06966306035806816,0.2733447370396225,-0.46670401097902003,0.6060301316951563,0.7988858392059228,Primary linear water,binomial
C(region)[T.12 Los Rios],0.47765611099738114,0.2715059676852699,-0.05510285965286066,1.010415081647623,0.0788218883335348,Primary linear water,binomial
C(region)[T.13 Los Lagos],0.4180510900050992,0.2502229897829385,-0.07294564058726755,0.9090478205974659,0.09507758812574325,Primary linear water,binomial
C(region)[T.14 Aysen],-0.44680621879737015,0.2560608818273169,-0.9492582753365154,0.05564583774177512,0.08129243283510837,Primary linear water,binomial
C(region)[T.15 Magallanes and Antarctica],-0.24101900735157647,0.23109171281360133,-0.6944756443971828,0.21243762969402982,0.29720884441546996,Primary linear water,binomial
C(rural)[T.Urban],0.16761329804534425,0.18425771709522645,-0.19394395438237866,0.5291705504730672,0.36320752848039983,Primary linear water,binomial
C(education)[T.Intermediate],0.25495624966783964,0.14263915062927582,-0.024935524761841188,0.5348480240975204,0.0741591509343288,Primary linear water,binomial
C(education)[T.Low],0.2702580278513668,0.2031616909384523,-0.12839329558989165,0.6689093512926253,0.1837226002998209,Primary linear water,binomial
C(indigenous)[T.Yes],0.17044057911641075,0.17597450722289623,-0.17486305501008176,0.5157442132429033,0.3329925341414933,Primary linear water,binomial
C(born_chile)[T.Yes],-0.15648525884380185,0.3984610388943706,-0.9383601278767744,0.6253896101891707,0.6946033506292355,Primary linear water,binomial
water,-0.012538066035961802,0.01576596516901692,-0.043474621303467686,0.018398489231544086,0.42664195878902256,Primary linear water,binomial
"bs(age, df=4, degree=3)[0]",1.1156360125301243,0.42766075601143777,0.27646438730724754,1.9548076377530013,0.009218603363588063,Primary linear water,binomial
"bs(age, df=4, degree=3)[1]",1.1700869501515354,0.4318126740480431,0.3227682790339984,2.0174056212690723,0.0068444107336941345,Primary linear water,binomial
"bs(age, df=4, degree=3)[2]",-0.08747691860985055,0.6827327719922555,-1.427160211528918,1.2522063743092169,0.8980726386891036,Primary linear water,binomial
"bs(age, df=4, degree=3)[3]",1.6660667105523488,0.8436643317339447,0.010597606941607829,3.3215358141630897,0.048553973396007095,Primary linear water,binomial
"bs(teeth_remaining, df=4, degree=3)[0]",1.363275169243369,0.6657922017820233,0.056833284696929054,2.6697170537898085,0.04084893423003095,Primary linear water,binomial
"bs(teeth_remaining, df=4, degree=3)[1]",1.7005725304472965,0.3773473934389258,0.9601276311325446,2.4410174297620486,7.3287876854873795e-06,Primary linear water,binomial
"bs(teeth_remaining, df=4, degree=3)[2]",0.04654614255103551,0.4154432146069074,-0.7686517746975858,0.8617440597996568,0.9108134273760198,Primary linear water,binomial
"bs(teeth_remaining, df=4, degree=3)[3]",0.5054726780440879,0.36969312697242473,-0.21995273879467336,1.2308980948828492,0.17183270915795956,Primary linear water,binomial
"bs(soda_frequency, df=3, degree=3)[0]",1.4106789244138982,0.8240419105212288,-0.20628634439690074,3.027644193224697,0.08721144659024792,Primary linear water,binomial
"bs(soda_frequency, df=3, degree=3)[1]",-0.7278801996351527,3.414861620931602,-7.428646954749241,5.972886555478936,0.8312509823096419,Primary linear water,binomial
"bs(soda_frequency, df=3, degree=3)[2]",-0.07920175203692964,0.987616986615104,-2.017140036309502,1.8587365322356428,0.9360976764010486,Primary linear water,binomial
"bs(juice_frequency, df=3, degree=3)[0]",-0.040741922648493745,1.215437469803824,-2.425717917183698,2.3442340718867105,0.9732660174197457,Primary linear water,binomial
"bs(juice_frequency, df=3, degree=3)[1]",5.974321665401629,6.272620844199896,-6.33404508147224,18.282688412275498,0.34109196945946574,Primary linear water,binomial
"bs(juice_frequency, df=3, degree=3)[2]",-5.470817975601623,5.990804095791679,-17.22619355961456,6.2845576084113155,0.36134662328333345,Primary linear water,binomial
Intercept,-1.8628432823638712,0.6032210336766266,-3.0465057252780863,-0.6791808394496563,0.0020671386327762204,Water spline,binomial
C(sex)[T.Male],0.36896787706852063,0.10971843947189766,0.15367432984837842,0.5842614242886628,0.0007993652926129113,Water spline,binomial
C(region)[T.02 Tarapaca],-0.1196497795347943,0.26864413829761163,-0.6467931635673865,0.4074936044977979,0.6561345772776058,Water spline,binomial
C(region)[T.03 Antofagasta],-0.1962374658611361,0.24180329526618877,-0.6707127629757206,0.2782378312534484,0.4172299496327403,Water spline,binomial
C(region)[T.04 Atacama],-0.16288696747495307,0.23354345247421737,-0.6211544980306656,0.29538056308075944,0.4856707700909503,Water spline,binomial
C(region)[T.05 Coquimbo],0.46449498654288934,0.2448163211187629,-0.01589258043981362,0.9448825535255923,0.05806113222724798,Water spline,binomial
C(region)[T.06 Valparaiso],-0.23907114753720055,0.19833827117762906,-0.628257779764861,0.15011548469045988,0.22833308582992573,Water spline,binomial
C(region)[T.07 Metropolitan],0.1253943957638054,0.18286406277311162,-0.23342817702345803,0.4842169685510688,0.4930388520611112,Water spline,binomial
C(region)[T.08 O'Higgins],1.0276131967980031,0.2837894957909241,0.4707510366476776,1.5844753569483285,0.00030750321741984134,Water spline,binomial
C(region)[T.09 Maule],0.14276593642595076,0.2956834034647044,-0.4374348857188602,0.7229667585707618,0.6293148918097851,Water spline,binomial
C(region)[T.10 Biobio],0.4296415845828863,0.23689643261631135,-0.03520528661989225,0.8944884557856649,0.07002202938410795,Water spline,binomial
C(region)[T.11 La Araucania],0.05864174231871214,0.2745023344726694,-0.47999680917078413,0.5972802938082084,0.8308778183421148,Water spline,binomial
C(region)[T.12 Los Rios],0.4715161023895298,0.2709389967806543,-0.06013033715096572,1.0031625419300254,0.08210009481436847,Water spline,binomial
C(region)[T.13 Los Lagos],0.4025363102373759,0.2524634293615315,-0.09285669309209288,0.8979293135668447,0.11114121122198552,Water spline,binomial
C(region)[T.14 Aysen],-0.4572363168526319,0.2603325012875674,-0.9680703018114524,0.0535976681061886,0.07932068472747174,Water spline,binomial
C(region)[T.15 Magallanes and Antarctica],-0.24586805213560914,0.23101905277800014,-0.6991821129936482,0.20744600872242996,0.28744950435227484,Water spline,binomial
C(rural)[T.Urban],0.16400574614554658,0.18421013899306493,-0.19745814678459633,0.5254696390756894,0.37349966189166006,Water spline,binomial
C(education)[T.Intermediate],0.25559983530227814,0.1420831087394491,-0.02320085333143268,0.534400523935989,0.0723156734162339,Water spline,binomial
C(education)[T.Low],0.2734525271203949,0.20204916110444576,-0.12301574946470728,0.6699208037054971,0.17622182698680752,Water spline,binomial
C(indigenous)[T.Yes],0.17238114453888667,0.17632114047482658,-0.17360266607162936,0.5183649551494027,0.32847153332629414,Water spline,binomial
C(born_chile)[T.Yes],-0.1512380884596318,0.39699287647294745,-0.9302320753261708,0.6277558984069072,0.7033109563402429,Water spline,binomial
"bs(water, df=4, degree=3)[0]",0.10626096312671326,0.28584621535887106,-0.45463696761560823,0.6671588938690348,0.7101605233914711,Water spline,binomial
"bs(water, df=4, degree=3)[1]",-0.24960597658667585,0.8931235266704065,-2.0021257270328623,1.5029137738595106,0.7799353849663568,Water spline,binomial
"bs(water, df=4, degree=3)[2]",-0.9984324299012481,3.207873550645066,-7.293039599637216,5.296174739834719,0.755676967539831,Water spline,binomial
"bs(water, df=4, degree=3)[3]",5.9805364973796555,6.299921102307029,-6.381399817528542,18.342472812287852,0.3426858109214022,Water spline,binomial
"bs(age, df=4, degree=3)[0]",1.1316464299106845,0.42765905089990364,0.2924781505202162,1.9708147093011528,0.008263891828264697,Water spline,binomial
"bs(age, df=4, degree=3)[1]",1.1630912676992815,0.4365893155022047,0.3063996954776541,2.019782839920909,0.007839686943579163,Water spline,binomial
"bs(age, df=4, degree=3)[2]",-0.08228696044591394,0.6865939516146699,-1.4295468016768687,1.2649728807850407,0.9046265379679752,Water spline,binomial
"bs(age, df=4, degree=3)[3]",1.6421774528746935,0.8434598823290221,-0.012890472612983483,3.2972453783623705,0.05180789928876542,Water spline,binomial
"bs(teeth_remaining, df=4, degree=3)[0]",1.3796314827149876,0.673008250434838,0.059030002763660994,2.7002329626663144,0.04061870352886203,Water spline,binomial
"bs(teeth_remaining, df=4, degree=3)[1]",1.6903172916732045,0.37999106850497777,0.944684876154182,2.4359497071922274,9.581600589073966e-06,Water spline,binomial
"bs(teeth_remaining, df=4, degree=3)[2]",0.05324096965289976,0.4165599183267169,-0.7641481846037297,0.8706301239095291,0.8983230784832947,Water spline,binomial
"bs(teeth_remaining, df=4, degree=3)[3]",0.5079031779825316,0.37026640384811654,-0.2186471437737716,1.2344534997388348,0.17044391235396558,Water spline,binomial
"bs(soda_frequency, df=3, degree=3)[0]",1.3943318158076499,0.8247218124331098,-0.22396758147850093,3.0126312130938007,0.09119819702133983,Water spline,binomial
"bs(soda_frequency, df=3, degree=3)[1]",-0.5310752427658607,3.4083116771378728,-7.21898945786724,6.156838972335519,0.8762068221269985,Water spline,binomial
"bs(soda_frequency, df=3, degree=3)[2]",-0.09847775854721957,0.98371776564733,-2.0287648483844007,1.8318093312899615,0.9202779950426971,Water spline,binomial
"bs(juice_frequency, df=3, degree=3)[0]",-0.037017871459817275,1.1877214400828875,-2.3676084556464936,2.293572712726859,0.9751422030656398,Water spline,binomial
"bs(juice_frequency, df=3, degree=3)[1]",5.934354754869993,5.932289900558002,-5.706202128519548,17.574911638259536,0.3173736675801242,Water spline,binomial
"bs(juice_frequency, df=3, degree=3)[2]",-5.353482171352357,5.581937949583333,-16.306565603024115,5.599601260319402,0.33774415362272087,Water spline,binomial
Intercept,-1.2492063090475378,0.6693127165367371,-2.562556276804342,0.0641436587092663,0.06226512764841638,Additional water context and dental attendance,binomial
C(sex)[T.Male],0.3078275610131957,0.11218179378765349,0.08770032958052004,0.5279547924458714,0.006173369036520869,Additional water context and dental attendance,binomial
C(region)[T.02 Tarapaca],-0.1274845913712364,0.2718658179540479,-0.6609496734208586,0.4059804906783859,0.6392212839677319,Additional water context and dental attendance,binomial
C(region)[T.03 Antofagasta],-0.28590901839964644,0.23910351407481223,-0.7550867058124584,0.18326866901316546,0.23206377471695155,Additional water context and dental attendance,binomial
C(region)[T.04 Atacama],-0.23954186467191652,0.24448057973181098,-0.7192706275876513,0.24018689824381828,0.32741204477337077,Additional water context and dental attendance,binomial
C(region)[T.05 Coquimbo],0.45724467403919017,0.2630424087972977,-0.058906790854785285,0.9733961389331656,0.08245381240111371,Additional water context and dental attendance,binomial
C(region)[T.06 Valparaiso],-0.2019836647667586,0.20222660787339664,-0.5988001339119634,0.1948328043784462,0.31812345306464124,Additional water context and dental attendance,binomial
C(region)[T.07 Metropolitan],0.132945291310234,0.18582250392380328,-0.2316824432405413,0.49757302586100927,0.4744955598031543,Additional water context and dental attendance,binomial
C(region)[T.08 O'Higgins],1.0648567185628024,0.27422028323662834,0.5267716183564031,1.6029418187692017,0.00010955556320724913,Additional water context and dental attendance,binomial
C(region)[T.09 Maule],0.08441031271548276,0.3067975122569908,-0.5175990214497237,0.6864196468806891,0.78326796476413,Additional water context and dental attendance,binomial
C(region)[T.10 Biobio],0.46720496791123206,0.22804428531603893,0.019728104903648402,0.9146818309188157,0.04073625973137455,Additional water context and dental attendance,binomial
C(region)[T.11 La Araucania],0.022020554226537793,0.2754208045742128,-0.5184202529925213,0.5624613614455969,0.9362904224601846,Additional water context and dental attendance,binomial
C(region)[T.12 Los Rios],0.45295025264294125,0.2545574810373468,-0.04655177571020225,0.9524522809960847,0.07547079360121495,Additional water context and dental attendance,binomial
C(region)[T.13 Los Lagos],0.3860919943240187,0.2494036948492075,-0.10329708569154944,0.8754810743395869,0.12191051963287655,Additional water context and dental attendance,binomial
C(region)[T.14 Aysen],-0.4287241944352486,0.26088959402942347,-0.9406513272104442,0.08320293833994691,0.10061826616308668,Additional water context and dental attendance,binomial
C(region)[T.15 Magallanes and Antarctica],-0.261892328493076,0.23846096142700596,-0.7298091755267524,0.2060245185406004,0.2723435973807221,Additional water context and dental attendance,binomial
C(rural)[T.Urban],0.23495284510878695,0.2058892912383747,-0.16905067570964472,0.6389563659272186,0.2540643390334128,Additional water context and dental attendance,binomial
C(education)[T.Intermediate],0.2270852119722923,0.1430230928293367,-0.053559947928203455,0.5077303718727881,0.11264491570404349,Additional water context and dental attendance,binomial
C(education)[T.Low],0.16820754225021084,0.21453168865691316,-0.25275440785029163,0.5891694923507134,0.43317759275933965,Additional water context and dental attendance,binomial
C(indigenous)[T.Yes],0.15260919640013848,0.17972463432799654,-0.20005307471453548,0.5052714675148124,0.3960046172659176,Additional water context and dental attendance,binomial
C(born_chile)[T.Yes],-0.16748441470008024,0.38706072339204395,-0.9269891664060255,0.592020337005865,0.6653159332047818,Additional water context and dental attendance,binomial
C(household_water_source)[T.Public network],-0.5315572457197764,0.37883930475875904,-1.274929628160708,0.21181513672115548,0.16087791530310105,Additional water context and dental attendance,binomial
C(rural_water_consumption)[T.Yes],-0.12566846046101438,0.2083669992051865,-0.5345338307526801,0.2831969098306514,0.5465656185566371,Additional water context and dental attendance,binomial
C(dental_visit)[T.6–12 months],-0.06761940338875501,0.1713819380196356,-0.4039113297350142,0.2686725229575042,0.6932526870581128,Additional water context and dental attendance,binomial
C(dental_visit)[T.At least 5 years],0.40584154693968655,0.18627841442528273,0.04031920807672029,0.7713638858026528,0.029578126401885948,Additional water context and dental attendance,binomial
C(dental_visit)[T.Less than 6 months],-0.31916021400773475,0.1643051663042593,-0.6415658392654628,0.0032454112499933907,0.05234685941253866,Additional water context and dental attendance,binomial
C(dental_visit)[T.More than 1 to less than 2 years],-0.21351476700636057,0.1888236779895737,-0.5840315154143764,0.15700198140165522,0.25841444055651475,Additional water context and dental attendance,binomial
C(dental_visit)[T.Never],0.3591658037110432,0.39264931072761355,-0.4113050790957051,1.1296366865177914,0.36054747970656775,Additional water context and dental attendance,binomial
water,-0.012778695224290796,0.015635133758867496,-0.043458528298932306,0.017901137850350718,0.4139396327789101,Additional water context and dental attendance,binomial
"bs(age, df=4, degree=3)[0]",1.1178575775555186,0.43340077402672833,0.2674226783964868,1.9682924767145504,0.010036671073223686,Additional water context and dental attendance,binomial
"bs(age, df=4, degree=3)[1]",1.054532430173445,0.4319439081920561,0.20695624660388112,1.9021086137430085,0.014796948096955835,Additional water context and dental attendance,binomial
"bs(age, df=4, degree=3)[2]",-0.038040095487872766,0.6759341485650686,-1.3643828800940425,1.288302689118297,0.955131251698066,Additional water context and dental attendance,binomial
"bs(age, df=4, degree=3)[3]",1.4616991693337993,0.8544364882207321,-0.21490745493813312,3.1383057936057317,0.08743012722396369,Additional water context and dental attendance,binomial
"bs(teeth_remaining, df=4, degree=3)[0]",1.4953261478890665,0.6502800397909614,0.21932279670296095,2.771329499075172,0.02167239543661655,Additional water context and dental attendance,binomial
"bs(teeth_remaining, df=4, degree=3)[1]",1.8587012471648472,0.3855460680301063,1.10216860777892,2.6152338865507745,1.6403912390768016e-06,Additional water context and dental attendance,binomial
"bs(teeth_remaining, df=4, degree=3)[2]",0.1666569678816442,0.41653122630455036,-0.6506758858364532,0.9839898215997416,0.6891596431009785,Additional water context and dental attendance,binomial
"bs(teeth_remaining, df=4, degree=3)[3]",0.6035608393280408,0.3707280769129948,-0.12389539425376817,1.3310170729098498,0.10381743282383024,Additional water context and dental attendance,binomial
"bs(soda_frequency, df=3, degree=3)[0]",1.2250614435385545,0.839440221056097,-0.4221189551283173,2.872241842205426,0.14476134179510228,Additional water context and dental attendance,binomial
"bs(soda_frequency, df=3, degree=3)[1]",-0.4071027628614896,3.5738797641843685,-7.41990075263434,6.605695226911361,0.9093305487921283,Additional water context and dental attendance,binomial
"bs(soda_frequency, df=3, degree=3)[2]",0.06124669565666313,0.9904038042947758,-1.8821599845081607,2.004653375821487,0.9507019742283142,Additional water context and dental attendance,binomial
"bs(juice_frequency, df=3, degree=3)[0]",-0.16373339352529848,1.2754038234516156,-2.6663775672000476,2.338910780149451,0.8978747891816382,Additional water context and dental attendance,binomial
"bs(juice_frequency, df=3, degree=3)[1]",5.806912719347936,7.342960107287002,-8.601712997560211,20.215538436256082,0.4292322072197503,Additional water context and dental attendance,binomial
"bs(juice_frequency, df=3, degree=3)[2]",-6.093496447994102,7.3657797479424465,-20.5468997009905,8.359906805002298,0.40827230537531123,Additional water context and dental attendance,binomial
Intercept,-1.3861544799258798,0.6319391333255533,-2.626168631564703,-0.1461403282870566,0.028491529845587414,Age at least 18,binomial
C(sex)[T.Male],0.3668875991039737,0.11376930175631543,0.14364530129359032,0.5901298969143571,0.0012995044067323422,Age at least 18,binomial
C(region)[T.02 Tarapaca],0.004954626324213254,0.2728877131282939,-0.5305156559270298,0.5404249085754563,0.9855176444982182,Age at least 18,binomial
C(region)[T.03 Antofagasta],-0.14939293231348583,0.24009241796869504,-0.6205110832272243,0.32172521860025266,0.53392575779322,Age at least 18,binomial
C(region)[T.04 Atacama],-0.09294474877977527,0.2380246462727654,-0.5600054422105158,0.37411594465096537,0.6962584778497225,Age at least 18,binomial
C(region)[T.05 Coquimbo],0.4171387334611429,0.24981357805187904,-0.07305463441227172,0.9073321013345574,0.09525841145419663,Age at least 18,binomial
C(region)[T.06 Valparaiso],-0.20602476099600475,0.2045952683467911,-0.6074891026221871,0.19543958063017763,0.31417416247826746,Age at least 18,binomial
C(region)[T.07 Metropolitan],0.16738269455456667,0.18821720555317592,-0.20194401138882984,0.5367094004979631,0.3740433026558604,Age at least 18,binomial
C(region)[T.08 O'Higgins],1.297095327258718,0.3017720941661493,0.7049470528410726,1.8892436016763634,1.882235867739052e-05,Age at least 18,binomial
C(region)[T.09 Maule],0.19656751784771329,0.30433263873247063,-0.4006051510577864,0.793740186753213,0.5184879102262374,Age at least 18,binomial
C(region)[T.10 Biobio],0.4691367712385053,0.24459031464187164,-0.010807317543643169,0.9490808600206537,0.055376792147852606,Age at least 18,binomial
C(region)[T.11 La Araucania],0.1931983800918708,0.2904034974885684,-0.3766420168403459,0.7630387770240874,0.5060209917657066,Age at least 18,binomial
C(region)[T.12 Los Rios],0.6281792217283582,0.26046903156989987,0.11707733204059867,1.1392811114161177,0.01604889867250363,Age at least 18,binomial
C(region)[T.13 Los Lagos],0.6003016884531422,0.24763131386697634,0.11439043942502447,1.08621293748126,0.015512031885637175,Age at least 18,binomial
C(region)[T.14 Aysen],-0.3438504017310691,0.26331998035796633,-0.8605465277247779,0.1728457242626396,0.19189869945220087,Age at least 18,binomial
C(region)[T.15 Magallanes and Antarctica],-0.16198692334314557,0.2576943018535042,-0.6676441365836706,0.34367028989737947,0.5297476018373249,Age at least 18,binomial
C(rural)[T.Urban],0.21352986153020823,0.18105146218685872,-0.14173595988703916,0.5687956829474556,0.23851227822744747,Age at least 18,binomial
C(education)[T.Intermediate],0.2643049418140797,0.14414694191765248,-0.018545475998652416,0.5471553596268118,0.06700065906509943,Age at least 18,binomial
C(education)[T.Low],0.2754233954207288,0.2056525131765795,-0.128115510798068,0.6789623016395256,0.1807753431169842,Age at least 18,binomial
C(indigenous)[T.Yes],0.1882967638334367,0.18695730512792924,-0.17855771927302272,0.555151246939896,0.3140888694892607,Age at least 18,binomial
C(born_chile)[T.Yes],-0.32069394946535823,0.45038317132213984,-1.2044523316380848,0.5630644327073685,0.47659465505333976,Age at least 18,binomial
water,-0.01545589764878195,0.01622809842055032,-0.04729926773693143,0.016387472439367536,0.341106376325004,Age at least 18,binomial
"bs(age, df=4, degree=3)[0]",0.8348243028962636,0.43179961958229235,-0.012468752269642391,1.6821173580621696,0.05346166273937965,Age at least 18,binomial
"bs(age, df=4, degree=3)[1]",0.6575665821293758,0.4577698372747493,-0.24068618697340616,1.5558193512321576,0.1511717063494372,Age at least 18,binomial
"bs(age, df=4, degree=3)[2]",-0.3304689577914096,0.6932199213709528,-1.6907305199679938,1.0297926043851744,0.6336641062559109,Age at least 18,binomial
"bs(age, df=4, degree=3)[3]",1.2935778897949364,0.8610338414281963,-0.39597430298066527,2.983130082570538,0.13330774306255438,Age at least 18,binomial
"bs(teeth_remaining, df=4, degree=3)[0]",1.3207639078895337,0.6797737095994408,-0.013113004241936288,2.6546408200210037,0.05229092091140266,Age at least 18,binomial
"bs(teeth_remaining, df=4, degree=3)[1]",1.7923885247459757,0.3872587388727244,1.0324952197991588,2.5522818296927925,4.147701662832539e-06,Age at least 18,binomial
"bs(teeth_remaining, df=4, degree=3)[2]",-0.0035647900150352907,0.42568086949660683,-0.8388514092815481,0.8317218292514775,0.9933199317136765,Age at least 18,binomial
"bs(teeth_remaining, df=4, degree=3)[3]",0.485185831170019,0.38097384643293636,-0.2623750272548476,1.2327466895948858,0.20310931518572758,Age at least 18,binomial
"bs(soda_frequency, df=3, degree=3)[0]",1.5338448107895948,0.8816572895208636,-0.19617546845490064,3.2638650900340904,0.08220102087675667,Age at least 18,binomial
"bs(soda_frequency, df=3, degree=3)[1]",-1.640367134614831,3.646447870557952,-8.79556092505179,5.514826655822128,0.652909415361152,Age at least 18,binomial
"bs(soda_frequency, df=3, degree=3)[2]",-0.13382976474396688,0.9985143818939006,-2.0931513178301016,1.825491788342168,0.8934055443594475,Age at least 18,binomial
"bs(juice_frequency, df=3, degree=3)[0]",0.04391960273520179,1.4120050669281519,-2.7267685424387818,2.8146077479091858,0.975192201831792,Age at least 18,binomial
"bs(juice_frequency, df=3, degree=3)[1]",6.8783268967609725,7.91568784396893,-8.654126196977467,22.410779990499414,0.3850746995161098,Age at least 18,binomial
"bs(juice_frequency, df=3, degree=3)[2]",-6.353277161103859,7.930225497139503,-21.914256571242838,9.207702249035119,0.423228606531782,Age at least 18,binomial
Intercept,-1.841209847715234,0.5889797580522471,-2.996927537123383,-0.6854921583070852,0.0018203144607081942,Exclude water above 99th percentile,binomial
C(sex)[T.Male],0.37326221150259364,0.11018772794164657,0.15704780923011877,0.5894766137750685,0.0007315871241717958,Exclude water above 99th percentile,binomial
C(region)[T.02 Tarapaca],-0.11024755112324013,0.2683207516754555,-0.636756374061611,0.41626127181513073,0.6812449831001903,Exclude water above 99th percentile,binomial
C(region)[T.03 Antofagasta],-0.18152342308350694,0.2387903472598139,-0.6500866030826412,0.28703975691562733,0.4473190249859216,Exclude water above 99th percentile,binomial
C(region)[T.04 Atacama],-0.14434911412842272,0.23818386638812994,-0.6117222351109097,0.32302400685406424,0.54461934821317,Exclude water above 99th percentile,binomial
C(region)[T.05 Coquimbo],0.4457697283718194,0.24606586843375852,-0.03706974619505693,0.9286092029386956,0.0703370174680397,Exclude water above 99th percentile,binomial
C(region)[T.06 Valparaiso],-0.27928597623011503,0.19931025686029888,-0.6703798744239741,0.111807921963744,0.16143251419337876,Exclude water above 99th percentile,binomial
C(region)[T.07 Metropolitan],0.10751846680650567,0.18207523548407015,-0.24975624013414877,0.4647931737471601,0.5549719744824769,Exclude water above 99th percentile,binomial
C(region)[T.08 O'Higgins],1.0195899457823954,0.28335985542270425,0.46357084172499496,1.5756090498397959,0.00033541878468570745,Exclude water above 99th percentile,binomial
C(region)[T.09 Maule],0.11264877580648687,0.29575819832648914,-0.46769881156014986,0.6929963631731236,0.7033687220840199,Exclude water above 99th percentile,binomial
C(region)[T.10 Biobio],0.40483322943134886,0.23768108198933743,-0.06155330955795624,0.871219768420654,0.0888163290953054,Exclude water above 99th percentile,binomial
C(region)[T.11 La Araucania],0.04460799892796752,0.27352830107089743,-0.49211926848578225,0.5813352663417173,0.8704840894344683,Exclude water above 99th percentile,binomial
C(region)[T.12 Los Rios],0.45499568903737514,0.2711483722765729,-0.07706159478266222,0.9870529728574124,0.09363982799860956,Exclude water above 99th percentile,binomial
C(region)[T.13 Los Lagos],0.448378001739299,0.2439253208197227,-0.030261211768109586,0.9270172152467075,0.06631997578815425,Exclude water above 99th percentile,binomial
C(region)[T.14 Aysen],-0.47278796589615923,0.2606775085315362,-0.984298936726527,0.03872300493420855,0.0700123311234845,Exclude water above 99th percentile,binomial
C(region)[T.15 Magallanes and Antarctica],-0.2563800292114375,0.23067227646519334,-0.7090136328661528,0.19625357444327785,0.2666315990437578,Exclude water above 99th percentile,binomial
C(rural)[T.Urban],0.17604499232564258,0.18372333550424966,-0.18446367693917448,0.5365536615904596,0.3381800025269943,Exclude water above 99th percentile,binomial
C(education)[T.Intermediate],0.2661838059782114,0.14362526833148354,-0.015642964784872926,0.5480105767412957,0.0641179943698485,Exclude water above 99th percentile,binomial
C(education)[T.Low],0.27928601657767177,0.2042035709181619,-0.1214097219836795,0.679981755139023,0.1717049713493101,Exclude water above 99th percentile,binomial
C(indigenous)[T.Yes],0.16427041092314054,0.17644448477782593,-0.18195543040390721,0.5104962522501884,0.35206684377285435,Exclude water above 99th percentile,binomial
C(born_chile)[T.Yes],-0.08160532296088036,0.4193924856078956,-0.9045526446562735,0.7413419987345129,0.845759706729354,Exclude water above 99th percentile,binomial
water,-0.024201915869461875,0.018260871976546775,-0.06003406880644028,0.011630237067516529,0.18534714903645316,Exclude water above 99th percentile,binomial
"bs(age, df=4, degree=3)[0]",1.1652718996742562,0.4296282688143453,0.3222395486465114,2.008304250702001,0.006791944917183118,Exclude water above 99th percentile,binomial
"bs(age, df=4, degree=3)[1]",1.083155786597292,0.43599000865713095,0.2276401962541007,1.9386713769404835,0.01313420561575127,Exclude water above 99th percentile,binomial
"bs(age, df=4, degree=3)[2]",-0.03359304791705893,0.6857689897828796,-1.3792341187759394,1.3120480229418214,0.9609398504872605,Exclude water above 99th percentile,binomial
"bs(age, df=4, degree=3)[3]",1.5932325903395954,0.8443596850720194,-0.06360096110184776,3.250066141781039,0.059449136482755724,Exclude water above 99th percentile,binomial
"bs(teeth_remaining, df=4, degree=3)[0]",1.4151581541255158,0.6676751368691292,0.10502150527109344,2.7252948029799384,0.03428089500912608,Exclude water above 99th percentile,binomial
"bs(teeth_remaining, df=4, degree=3)[1]",1.721440111262201,0.3790988472844478,0.9775584449554126,2.4653217775689895,6.253520035315145e-06,Exclude water above 99th percentile,binomial
"bs(teeth_remaining, df=4, degree=3)[2]",0.08218218799578896,0.4170003820429985,-0.7360712603244133,0.9004356363159911,0.8438037218481275,Exclude water above 99th percentile,binomial
"bs(teeth_remaining, df=4, degree=3)[3]",0.50068257113041,0.3687971252514294,-0.22298467825940704,1.224349820520227,0.1748806395887223,Exclude water above 99th percentile,binomial
"bs(soda_frequency, df=3, degree=3)[0]",1.3245088815336232,0.8362391940847501,-0.3163903445725951,2.9654081076398415,0.11352186557409874,Exclude water above 99th percentile,binomial
"bs(soda_frequency, df=3, degree=3)[1]",-1.2390887252280103,3.396447547687333,-7.903722710257034,5.425545259801014,0.7153203088556099,Exclude water above 99th percentile,binomial
"bs(soda_frequency, df=3, degree=3)[2]",-0.085462663608374,0.9882597076066469,-2.024662118590338,1.8537367913735903,0.9311030581903915,Exclude water above 99th percentile,binomial
"bs(juice_frequency, df=3, degree=3)[0]",-0.08761696860582269,1.277169269640932,-2.5937253655629453,2.4184914283512997,0.9453191754862037,Exclude water above 99th percentile,binomial
"bs(juice_frequency, df=3, degree=3)[1]",6.3920123802598585,6.902844863284923,-7.153003058166927,19.937027818686644,0.3546614297393471,Exclude water above 99th percentile,binomial
"bs(juice_frequency, df=3, degree=3)[2]",-5.789316267853415,6.784190561122681,-19.101503881455162,7.522871345748332,0.39365856809213506,Exclude water above 99th percentile,binomial
Intercept,-1.3342195469226228,0.5002807830552182,-2.315888853453505,-0.35255024039174077,0.007772783604330099,Without remaining teeth,binomial
C(sex)[T.Male],0.32920187578893717,0.10929638101115015,0.11473650716471712,0.5436672444131572,0.0026576804097810367,Without remaining teeth,binomial
C(region)[T.02 Tarapaca],-0.14914555355946102,0.25532090626188797,-0.6501456028963143,0.35185449577739225,0.5592458765948833,Without remaining teeth,binomial
C(region)[T.03 Antofagasta],-0.21399890667373866,0.2356759854762438,-0.6764509717231986,0.24845315837572124,0.36407611024152936,Without remaining teeth,binomial
C(region)[T.04 Atacama],-0.15616363172567382,0.2241351197703569,-0.5959697866822538,0.28364252323090616,0.4861212323132704,Without remaining teeth,binomial
C(region)[T.05 Coquimbo],0.4480615183925365,0.23567045007531304,-0.014379684890137356,0.9105027216752104,0.0575479959398765,Without remaining teeth,binomial
C(region)[T.06 Valparaiso],-0.21562363639250598,0.19305278859229855,-0.5944389007804192,0.16319162799540715,0.2642872243240887,Without remaining teeth,binomial
C(region)[T.07 Metropolitan],0.1142016403132384,0.17406533675570218,-0.22735574947995388,0.4557590301064307,0.5119139223889311,Without remaining teeth,binomial
C(region)[T.08 O'Higgins],1.058525160970376,0.2725898491477937,0.5236393583495367,1.5934109635912155,0.00010955593662033488,Without remaining teeth,binomial
C(region)[T.09 Maule],0.14030302139932505,0.2955556603460762,-0.439647138511546,0.7202531813101961,0.6350933733918226,Without remaining teeth,binomial
C(region)[T.10 Biobio],0.45720631399543005,0.2289870282691042,0.007879566178518593,0.9065330618123415,0.046122569289896664,Without remaining teeth,binomial
C(region)[T.11 La Araucania],0.14450062337241099,0.26363333807648137,-0.37281038463285965,0.6618116313776816,0.5837319923315931,Without remaining teeth,binomial
C(region)[T.12 Los Rios],0.52797780729518,0.26187586961087594,0.014115368390134608,1.0418402462002252,0.044041085202616626,Without remaining teeth,binomial
C(region)[T.13 Los Lagos],0.43766749876003885,0.24219271649396015,-0.03757193497454564,0.9129069324946233,0.07103352704654567,Without remaining teeth,binomial
C(region)[T.14 Aysen],-0.38393843670962613,0.2477913515275639,-0.8701637175067205,0.10228684408746819,0.12157817650074766,Without remaining teeth,binomial
C(region)[T.15 Magallanes and Antarctica],-0.22121892682639294,0.2309883291054753,-0.674472700567031,0.23203484691424514,0.33843250176812123,Without remaining teeth,binomial
C(rural)[T.Urban],0.15961342149963348,0.17920333974571231,-0.19202594626071995,0.511252789259987,0.3733041113336284,Without remaining teeth,binomial
C(education)[T.Intermediate],0.31392703398727684,0.14145010497364116,0.036368448566120426,0.5914856194084332,0.026677149172554426,Without remaining teeth,binomial
C(education)[T.Low],0.35099586137570093,0.18863383109136295,-0.019148362483649484,0.7211400852350514,0.06306359733764373,Without remaining teeth,binomial
C(indigenous)[T.Yes],0.18337467764563703,0.17206049552198074,-0.1542487391262597,0.5209980944175338,0.28677967497246704,Without remaining teeth,binomial
C(born_chile)[T.Yes],-0.18937726616290662,0.3961457330427207,-0.966708957111133,0.5879544247853198,0.6327149651849365,Without remaining teeth,binomial
water,-0.013282902667490739,0.015302691597281974,-0.043310405536218136,0.016744600201236658,0.38558766831414115,Without remaining teeth,binomial
"bs(age, df=4, degree=3)[0]",0.9780102945657723,0.4227360731141608,0.1485020627979281,1.8075185263336164,0.020887163997079246,Without remaining teeth,binomial
"bs(age, df=4, degree=3)[1]",1.7256162195391949,0.4064560669407506,0.9280532131565242,2.5231792259218655,2.3749182924298063e-05,Without remaining teeth,binomial
"bs(age, df=4, degree=3)[2]",0.3719330711165797,0.6303533212459266,-0.8649693418802186,1.6088354841133778,0.5552920329620835,Without remaining teeth,binomial
"bs(age, df=4, degree=3)[3]",1.7373245823926249,0.8118984598967829,0.14418763790919886,3.330461526876051,0.03259959475390569,Without remaining teeth,binomial
"bs(soda_frequency, df=3, degree=3)[0]",1.4602508755173442,0.8179957422386491,-0.1448503800709562,3.0653521311056444,0.07452581124575,Without remaining teeth,binomial
"bs(soda_frequency, df=3, degree=3)[1]",-0.43053148576588063,3.3758671025292677,-7.054781766261954,6.193718794730193,0.8985437893789167,Without remaining teeth,binomial
"bs(soda_frequency, df=3, degree=3)[2]",-0.21674421356997203,1.0150735601074452,-2.208558793660539,1.775070366520595,0.8309586569256827,Without remaining teeth,binomial
"bs(juice_frequency, df=3, degree=3)[0]",-0.20103168293473805,1.1933106421928144,-2.5425896045550154,2.1405262386855393,0.8662496764968756,Without remaining teeth,binomial
"bs(juice_frequency, df=3, degree=3)[1]",6.452080853080693,6.062838402490157,-5.4446430902901195,18.348804796451503,0.28748333066367976,Without remaining teeth,binomial
"bs(juice_frequency, df=3, degree=3)[2]",-5.321074509748715,5.6109731154432065,-16.33113180909655,5.6889827895991205,0.34317888423286247,Without remaining teeth,binomial
Intercept,-1.5271628660985714,0.2607349556379478,-2.038786561748727,-1.0155391704484158,6.302520339954789e-09,Modified Poisson prevalence ratio,poisson
C(sex)[T.Male],0.1533883369413169,0.04605278818743822,0.06302186640113985,0.24375480748149395,0.0008965576308568288,Modified Poisson prevalence ratio,poisson
C(region)[T.02 Tarapaca],-0.06477936523653177,0.12915002607666148,-0.3182022845876596,0.18864355411459605,0.6160670332137484,Modified Poisson prevalence ratio,poisson
C(region)[T.03 Antofagasta],-0.09516137215354017,0.11609426527270933,-0.3229657986727453,0.13264305436566493,0.41257944885878867,Modified Poisson prevalence ratio,poisson
C(region)[T.04 Atacama],-0.07514968851599049,0.1090128336716652,-0.2890586701480479,0.13875929311606694,0.49074631554320985,Modified Poisson prevalence ratio,poisson
C(region)[T.05 Coquimbo],0.19254802441118157,0.09846206487602334,-0.0006578516093972142,0.3857539004317604,0.050783744060969416,Modified Poisson prevalence ratio,poisson
C(region)[T.06 Valparaiso],-0.11698844985163041,0.09554687255004911,-0.3044740285392465,0.07049712883598565,0.22107393102022585,Modified Poisson prevalence ratio,poisson
C(region)[T.07 Metropolitan],0.049810974040206464,0.08130512160071779,-0.10972891844128463,0.20935086652169754,0.5402460333118326,Modified Poisson prevalence ratio,poisson
C(region)[T.08 O'Higgins],0.3542228413399433,0.0940970011458242,0.16958225351376383,0.5388634291661227,0.0001762166332822071,Modified Poisson prevalence ratio,poisson
C(region)[T.09 Maule],0.0578135504917953,0.13277537571784137,-0.20272316293004386,0.31835026391363447,0.663344800077056,Modified Poisson prevalence ratio,poisson
C(region)[T.10 Biobio],0.1755042422667839,0.09611067234048883,-0.013087645054002506,0.3640961295875703,0.0681258462361732,Modified Poisson prevalence ratio,poisson
C(region)[T.11 La Araucania],0.026305405301136557,0.11846919283915444,-0.20615919121895365,0.2587700018212268,0.8243228073358008,Modified Poisson prevalence ratio,poisson
C(region)[T.12 Los Rios],0.18318064070023207,0.10319130037938937,-0.019305114728583206,0.38566639612904735,0.0761631785752532,Modified Poisson prevalence ratio,poisson
C(region)[T.13 Los Lagos],0.15848247633669155,0.09973957822105899,-0.03723018323820712,0.35419513591159024,0.11237128056932144,Modified Poisson prevalence ratio,poisson
C(region)[T.14 Aysen],-0.2218450138781946,0.1308242104080516,-0.478553079145909,0.034863051389519784,0.09023130569526845,Modified Poisson prevalence ratio,poisson
C(region)[T.15 Magallanes and Antarctica],-0.11610834520009368,0.11283256559871957,-0.3375125449555933,0.10529585455540595,0.3037026496747,Modified Poisson prevalence ratio,poisson
C(rural)[T.Urban],0.0709723338966052,0.07296336064732843,-0.07219904920431214,0.21414371699752255,0.330921573422018,Modified Poisson prevalence ratio,poisson
C(education)[T.Intermediate],0.11503722148945275,0.06578383584094823,-0.014046234638018129,0.24412067761692363,0.08063379515218941,Modified Poisson prevalence ratio,poisson
C(education)[T.Low],0.1183169129079785,0.08339022728886145,-0.04531445045197258,0.28194827626792957,0.15624551295586842,Modified Poisson prevalence ratio,poisson
C(indigenous)[T.Yes],0.06771133866175821,0.07255546379798178,-0.07465965427668098,0.2100823316001974,0.3509139325116622,Modified Poisson prevalence ratio,poisson
C(born_chile)[T.Yes],-0.08313805144738179,0.16701838288723034,-0.41086764982517937,0.2445915469304158,0.6187453595043934,Modified Poisson prevalence ratio,poisson
water,-0.005291094402495897,0.00673234426555444,-0.018501547312825918,0.007919358507834122,0.4320916164999182,Modified Poisson prevalence ratio,poisson
"bs(age, df=4, degree=3)[0]",0.565705604929774,0.21006098851219704,0.1535162266717654,0.9778949831877826,0.007193388212515983,Modified Poisson prevalence ratio,poisson
"bs(age, df=4, degree=3)[1]",0.4959779250647738,0.18314125673393608,0.1366114321180445,0.8553444180115031,0.006875988249434968,Modified Poisson prevalence ratio,poisson
"bs(age, df=4, degree=3)[2]",0.1322431420517029,0.2844442244467803,-0.42590375068746017,0.690390034790866,0.6420872825516607,Modified Poisson prevalence ratio,poisson
"bs(age, df=4, degree=3)[3]",0.6842857827003269,0.31018691819879335,0.07562563184749715,1.2929459335531566,0.027597956368689114,Modified Poisson prevalence ratio,poisson
"bs(teeth_remaining, df=4, degree=3)[0]",0.5698503822867278,0.28958774110068913,0.00161069246681933,1.1380900721066363,0.04935531859196351,Modified Poisson prevalence ratio,poisson
"bs(teeth_remaining, df=4, degree=3)[1]",0.6950541912376186,0.16189613225984675,0.37737566096312253,1.0127327215121147,1.9248225401223866e-05,Modified Poisson prevalence ratio,poisson
"bs(teeth_remaining, df=4, degree=3)[2]",0.061063854058958145,0.2000842900455494,-0.3315488804482935,0.4536765885662098,0.7602817306726662,Modified Poisson prevalence ratio,poisson
"bs(teeth_remaining, df=4, degree=3)[3]",0.23154251714540192,0.17653113830969505,-0.11485335892097542,0.5779383932117792,0.18993504020833482,Modified Poisson prevalence ratio,poisson
"bs(soda_frequency, df=3, degree=3)[0]",0.593290785617366,0.31199051868185884,-0.01890845627281479,1.2054900275075469,0.05749424807984587,Modified Poisson prevalence ratio,poisson
"bs(soda_frequency, df=3, degree=3)[1]",-0.5033106549205404,1.1977978062824248,-2.8536734545400035,1.8470521446989228,0.6744281675812921,Modified Poisson prevalence ratio,poisson
"bs(soda_frequency, df=3, degree=3)[2]",-0.004024449201884495,0.3452055779985825,-0.6813994990587513,0.6733506006549823,0.9907005992935897,Modified Poisson prevalence ratio,poisson
"bs(juice_frequency, df=3, degree=3)[0]",-0.09935450221577627,0.43823227584000357,-0.9592699514882372,0.7605609470566848,0.8206885107937445,Modified Poisson prevalence ratio,poisson
"bs(juice_frequency, df=3, degree=3)[1]",2.5846513890443252,1.733247908472071,-0.8163912453837905,5.9856940234724405,0.13620591966988502,Modified Poisson prevalence ratio,poisson
"bs(juice_frequency, df=3, degree=3)[2]",-2.665108657746247,1.599693182854857,-5.804085309787624,0.47386799429513005,0.09601064518840591,Modified Poisson prevalence ratio,poisson
Intercept,-1.7943176380266503,0.5780976068493294,-2.928681971106193,-0.659953304947108,0.0019616792268164693,Original 28-day beverage conversion,binomial
C(sex)[T.Male],0.3693678533670884,0.10990715339389028,0.15370400476578205,0.5850317019683947,0.0008055019782161703,Original 28-day beverage conversion,binomial
C(region)[T.02 Tarapaca],-0.11310646843815753,0.268554120424788,-0.64007321609817,0.413860279221855,0.6737188364651084,Original 28-day beverage conversion,binomial
C(region)[T.03 Antofagasta],-0.1883615965402146,0.2401026028862613,-0.6594997326728601,0.282776539592431,0.4329218801240805,Original 28-day beverage conversion,binomial
C(region)[T.04 Atacama],-0.15396981388423764,0.2332551710360671,-0.6116716680257045,0.3037320402572292,0.5093404142029684,Original 28-day beverage conversion,binomial
C(region)[T.05 Coquimbo],0.465602742495269,0.24570196447007808,-0.016522666363369687,0.9477281513539078,0.05836954761578427,Original 28-day beverage conversion,binomial
C(region)[T.06 Valparaiso],-0.233171573426313,0.19857538654974133,-0.6228234821362875,0.15648033528366145,0.24057366560367108,Original 28-day beverage conversion,binomial
C(region)[T.07 Metropolitan],0.12225292973290032,0.18236651391798178,-0.23559333443703484,0.48009919390283545,0.5027704555812853,Original 28-day beverage conversion,binomial
C(region)[T.08 O'Higgins],1.0274022268872942,0.2834224038694975,0.47126038797285386,1.5835440658017346,0.00030290407642963676,Original 28-day beverage conversion,binomial
C(region)[T.09 Maule],0.13980901139394486,0.29734395638260797,-0.4436502086078078,0.7232682313956975,0.6383153303982321,Original 28-day beverage conversion,binomial
C(region)[T.10 Biobio],0.43489086922669484,0.2376079289027343,-0.03135212609227833,0.901133864545668,0.06749163285175837,Original 28-day beverage conversion,binomial
C(region)[T.11 La Araucania],0.06967649505116076,0.27334278143638024,-0.46668673892949936,0.6060397290318209,0.7988464791092377,Original 28-day beverage conversion,binomial
C(region)[T.12 Los Rios],0.4776135308893339,0.2715037339107889,-0.0551410565666699,1.0103681183453377,0.07884607244275939,Original 28-day beverage conversion,binomial
C(region)[T.13 Los Lagos],0.4180053651509101,0.25022039753528985,-0.07298627883801756,0.9089970091398377,0.09511029349381887,Original 28-day beverage conversion,binomial
C(region)[T.14 Aysen],-0.4467826123144938,0.25606890694907963,-0.949250416041983,0.05568519141299544,0.08131801896925107,Original 28-day beverage conversion,binomial
C(region)[T.15 Magallanes and Antarctica],-0.2410982011857826,0.23109193397395256,-0.6945552722003439,0.2123588698287787,0.29705068646742766,Original 28-day beverage conversion,binomial
C(rural)[T.Urban],0.16759287882538917,0.18425683963754103,-0.19396265182267172,0.5291484094734501,0.36326368060106423,Original 28-day beverage conversion,binomial
C(education)[T.Intermediate],0.2549495076229302,0.14263949028978745,-0.024942933301067838,0.5348419485469282,0.07416747798813726,Original 28-day beverage conversion,binomial
C(education)[T.Low],0.27026019729348383,0.20315200026954527,-0.1283721107617195,0.6688925053486872,0.18369819242676785,Original 28-day beverage conversion,binomial
C(indigenous)[T.Yes],0.17043437085219018,0.17597319614525747,-0.1748666906296595,0.5157354323340398,0.33300653566212884,Original 28-day beverage conversion,binomial
C(born_chile)[T.Yes],-0.1565151716714088,0.3984560472345456,-0.9383802458863414,0.6253499025435237,0.694544282457083,Original 28-day beverage conversion,binomial
water,-0.012537916482442164,0.015765695775574243,-0.043473943136251476,0.018398110171367152,0.42663957371735317,Original 28-day beverage conversion,binomial
"bs(age, df=4, degree=3)[0]",1.115791633703501,0.42764066578288223,0.27665943026415485,1.954923837142847,0.009205594397786588,Original 28-day beverage conversion,binomial
"bs(age, df=4, degree=3)[1]",1.1702588701949284,0.43181398282851846,0.3229376309403268,2.01758010944953,0.006836426539067799,Original 28-day beverage conversion,binomial
"bs(age, df=4, degree=3)[2]",-0.08725796029176441,0.6827244652757846,-1.4269249534670205,1.2524090328834916,0.8983251475514369,Original 28-day beverage conversion,binomial
"bs(age, df=4, degree=3)[3]",1.6662162292990481,0.8436529953308842,0.010769370394296152,3.3216630882038,0.048530809776178664,Original 28-day beverage conversion,binomial
"bs(teeth_remaining, df=4, degree=3)[0]",1.3633195401085192,0.6657900550144693,0.05688186802813311,2.6697572121889053,0.04084173781511284,Original 28-day beverage conversion,binomial
"bs(teeth_remaining, df=4, degree=3)[1]",1.7005650109690267,0.3773431123454373,0.9601285121729803,2.441001509765073,7.327731151430927e-06,Original 28-day beverage conversion,binomial
"bs(teeth_remaining, df=4, degree=3)[2]",0.04655827953408159,0.41543252446753304,-0.7686186611308654,0.8617352201990287,0.910787983116051,Original 28-day beverage conversion,binomial
"bs(teeth_remaining, df=4, degree=3)[3]",0.5055188655768827,0.36969351965496233,-0.21990732179796024,1.2309450529517258,0.17179403380871447,Original 28-day beverage conversion,binomial
"bs(soda_frequency, df=3, degree=3)[0]",1.4111706949956317,0.824196183627163,-0.2060972941635162,3.0284386841547795,0.08716052309106996,Original 28-day beverage conversion,binomial
"bs(soda_frequency, df=3, degree=3)[1]",-0.72652381652727,3.415007939510804,-7.427577683325523,5.974530050270983,0.8315678248970729,Original 28-day beverage conversion,binomial
"bs(soda_frequency, df=3, degree=3)[2]",-0.07911545369756717,0.9876740990695975,-2.0171658061236566,1.8589348987285221,0.936170838678668,Original 28-day beverage conversion,binomial
"bs(juice_frequency, df=3, degree=3)[0]",-0.041315144782451796,1.2162665455413544,-2.4279179821465027,2.345287692581599,0.9729084978033427,Original 28-day beverage conversion,binomial
"bs(juice_frequency, df=3, degree=3)[1]",5.976171990364177,6.277315415338108,-6.341406616228877,18.29375059695723,0.3413035746000329,Original 28-day beverage conversion,binomial
"bs(juice_frequency, df=3, degree=3)[2]",-5.473050352676742,5.996858275799993,-17.240305670814344,6.29420496546086,0.3616355992002839,Original 28-day beverage conversion,binomial
