model,weighting,classification_threshold,bootstrap_replicates,n,events,prevalence,auc,average_precision,brier,log_loss,sensitivity,specificity,ppv,npv,accuracy,balanced_accuracy,mean_prediction,calibration_intercept,calibration_slope,joint_calibration_intercept,calibration_status,auc_bootstrap_valid,auc_low,auc_high,brier_bootstrap_valid,brier_low,brier_high,log_loss_bootstrap_valid,log_loss_low,log_loss_high,sensitivity_bootstrap_valid,sensitivity_low,sensitivity_high,specificity_bootstrap_valid,specificity_low,specificity_high,ppv_bootstrap_valid,ppv_low,ppv_high,accuracy_bootstrap_valid,accuracy_low,accuracy_high
hist_gradient_boosting__basic,Survey weighted,0.5,1000.0,5036,2689,0.5463828346116878,0.6150053066207013,0.6548528225243218,0.2380265262570179,0.6685518761454121,0.6880962521815303,0.43065495360968775,0.5927893209798895,0.5340836243798865,0.571316460069485,0.559375602895609,0.5460046782214388,0.0016100930568363472,0.8672702319986669,0.02427047681988386,Estimated,1000.0,0.587496601162587,0.6397548783377517,1000.0,0.2324064657929019,0.24350541412266738,1000.0,0.6567509388750694,0.6801934886785723,1000.0,0.6575781185538676,0.718415445476789,1000.0,0.39484908276110875,0.46530254433252005,1000.0,0.5592225626193775,0.6259975777766148,1000.0,0.5478601324412069,0.5948304628613997
hist_gradient_boosting__basic,Unweighted,0.5,,5036,2689,0.5339555202541699,0.6238582981716452,0.6461988636650777,0.23779948776601523,0.6682199501735375,0.7303830420230569,0.42011077971878996,0.5906766917293234,0.576271186440678,0.585782366957903,0.5752469108709235,0.5543183905798631,-0.08657808832375063,0.9357975308748956,-0.0730097270755404,Estimated,,,,,,,,,,,,,,,,,,,,,
hist_gradient_boosting__context,Survey weighted,0.5,1000.0,5036,2689,0.5463828346116878,0.6299540688047549,0.6753301108182804,0.235113536771176,0.6621410119332598,0.6880501325432309,0.4734708898544379,0.6114999038161023,0.5575393723177375,0.5907133047235699,0.5807605111988344,0.5477267062369569,-0.00578037179938723,0.9127174375123623,0.009526869150517163,Estimated,1000.0,0.6020606120671373,0.6573721917831638,1000.0,0.22889238639839293,0.24133555060782702,1000.0,0.6488547378096057,0.6751634519325408,1000.0,0.6517297005774227,0.7225527378126432,1000.0,0.4373498959484922,0.5097662468132798,1000.0,0.5791763850129292,0.6456878781806625,1000.0,0.5624256563691928,0.6151334578703993
hist_gradient_boosting__context,Unweighted,0.5,,5036,2689,0.5339555202541699,0.6454572852234715,0.668006355523494,0.2335188043615173,0.6591498387600264,0.7322424693194496,0.4618662121857691,0.609220297029703,0.6008869179600888,0.6062351072279586,0.5970543407526093,0.5531155671472244,-0.08213734260285362,1.027878494526561,-0.08782137156678861,Estimated,,,,,,,,,,,,,,,,,,,,,
hist_gradient_boosting__context_diet,Survey weighted,0.5,1000.0,5036,2689,0.5463828346116878,0.6230708487748604,0.6680266694798261,0.2367757680500538,0.6657474919052307,0.6939571764161231,0.4811932319396235,0.6170262345605505,0.5662279530734801,0.597443799025857,0.5875752041778732,0.5467942132832964,-0.0017654480117255348,0.8673013972191,0.021299150754591305,Estimated,1000.0,0.5937361635370605,0.6512774721640661,1000.0,0.2304088603855446,0.2427433819129563,1000.0,0.6521259757582069,0.6784061896397049,1000.0,0.6581283498620605,0.7274199183497227,1000.0,0.4458023653988047,0.5170659852137234,1000.0,0.5842472988380887,0.6497759641831415,1000.0,0.5724600344820967,0.6217791146645912
hist_gradient_boosting__context_diet,Unweighted,0.5,,5036,2689,0.5339555202541699,0.6404409512598712,0.6646695667963787,0.23435640365772065,0.6608108240102162,0.7378207512086278,0.443971026842778,0.6032228640924293,0.596451058958214,0.6008737092930898,0.5908958890257029,0.5527353109581659,-0.0801883283165453,1.03597689808581,-0.08755817853853909,Estimated,,,,,,,,,,,,,,,,,,,,,
hist_gradient_boosting__context_diet_labels,Survey weighted,0.5,1000.0,5036,2689,0.5463828346116878,0.6117261595033876,0.6610264878165866,0.2390785579295065,0.6705146385011462,0.6826542129549176,0.45112990420869525,0.5996946453697009,0.541329743885116,0.5776308123029678,0.5668920585818065,0.5457710657742814,0.0026275211556818757,0.7814497262361031,0.04000913215216236,Estimated,1000.0,0.5826015274777293,0.6386081679457819,1000.0,0.23278246687082654,0.24524727601141633,1000.0,0.657057831772467,0.6838692190269768,1000.0,0.6464761242698597,0.7184229070219582,1000.0,0.41660235076623947,0.4846251333210091,1000.0,0.568301363902999,0.6325547782684611,1000.0,0.5531946215716099,0.6019916138811198
hist_gradient_boosting__context_diet_labels,Unweighted,0.5,,5036,2689,0.5339555202541699,0.6360095406762993,0.6626418942088725,0.23506894841921677,0.662229599358126,0.7337300111565638,0.4341712824882829,0.5976976673735231,0.5873198847262248,0.5941223193010325,0.5839506468224234,0.5521845520131059,-0.0779249922006463,0.9968834007079092,-0.07729166557126937,Estimated,,,,,,,,,,,,,,,,,,,,,
hist_gradient_boosting__symptoms,Survey weighted,0.5,1000.0,5036,2689,0.5463828346116878,0.6469757092137012,0.6872351109066658,0.23168353725062546,0.6549508236190649,0.6943111962215193,0.4876745408383046,0.6201126708290319,0.5697948896100793,0.600577262341264,0.590992868529912,0.5471299125759481,-0.0032502607126980716,0.946643887490341,0.005798299258032307,Estimated,1000.0,0.617486989541238,0.6753511151259096,1000.0,0.2247827346237102,0.23862051683446686,1000.0,0.6402182494224403,0.6695876210068572,1000.0,0.6590523280108838,0.7283920210731377,1000.0,0.4518930841278816,0.5258836945663762,1000.0,0.5873672891187429,0.6531438110601707,1000.0,0.576351410841801,0.6254999132771893
hist_gradient_boosting__symptoms,Unweighted,0.5,,5036,2689,0.5339555202541699,0.6545049399603842,0.6732380529488977,0.23142311502726817,0.6548792388803214,0.7203421346225364,0.4904132935662548,0.6182572614107884,0.604834471886495,0.6131850675138999,0.6053777140943956,0.5497655125238907,-0.06846035648768832,1.0058965847476153,-0.06957550442938457,Estimated,,,,,,,,,,,,,,,,,,,,,
hist_gradient_boosting__symptoms_diet,Survey weighted,0.5,1000.0,5036,2689,0.5463828346116878,0.6409225529330863,0.6789631738928701,0.23311488896818094,0.6581432123749198,0.6953666588767158,0.4887790721809854,0.6209785476292857,0.571196717861189,0.6016549833953864,0.5920728655288505,0.5464841540766787,-0.00043948704490079957,0.919493556827941,0.013125470882240217,Estimated,1000.0,0.6097707583009262,0.6692835427963314,1000.0,0.22624409801642134,0.2402868050036659,1000.0,0.6432244333914247,0.6736735526441856,1000.0,0.6591453736171511,0.7314244841953108,1000.0,0.45306245555622676,0.5279661098321068,1000.0,0.5866478802537105,0.6547630205193893,1000.0,0.574400063142332,0.6288941878263545
hist_gradient_boosting__symptoms_diet,Unweighted,0.5,,5036,2689,0.5339555202541699,0.648965637118067,0.6694260146424614,0.23244230327068238,0.6569102104546872,0.7184827073261436,0.4810396250532595,0.6133333333333333,0.5986214209968187,0.607823669579031,0.5997611661897015,0.5499514551424791,-0.0689921577265072,1.0065882995737085,-0.07025450568338332,Estimated,,,,,,,,,,,,,,,,,,,,,
hist_gradient_boosting__symptoms_diet_labels,Survey weighted,0.5,1000.0,5036,2689,0.5463828346116878,0.634804361099663,0.6728320791257356,0.23474845772897596,0.6618827270138326,0.6960023161180543,0.49452813388605166,0.6238511615619613,0.5745690588098826,0.604610168675045,0.5952652250020529,0.5461865666038814,0.0008543682651019217,0.8443236994167164,0.027078719496500387,Estimated,1000.0,0.6045626764931323,0.6637224441826728,1000.0,0.2275080864989102,0.24200131286681129,1000.0,0.6462155867952163,0.6772002573325043,1000.0,0.658679886255765,0.7315128219760809,1000.0,0.45631366366060744,0.5349372358638312,1000.0,0.5890631899800902,0.6583078540889582,1000.0,0.5780229781072884,0.6306993692361785
hist_gradient_boosting__symptoms_diet_labels,Unweighted,0.5,,5036,2689,0.5339555202541699,0.647745719712449,0.6674177289150831,0.23287171987116698,0.6579819302662306,0.7244328746746003,0.4797613975287601,0.6147049542442411,0.6031065881092662,0.6104050833995234,0.6020971361016803,0.5506814242601819,-0.07238443794565907,0.9651411632508925,-0.06558678217549506,Estimated,,,,,,,,,,,,,,,,,,,,,
prevalence_only,Survey weighted,0.5,1000.0,5036,2689,0.5463828346116878,0.47664141225536083,0.5324945534767592,0.2480954463142797,0.6893361603947805,1.0,0.0,0.5463828346116878,,0.5463828346116878,0.5,0.5464025427913923,-7.952627803987748e-05,,,Within-fold constant benchmark; pooled slope not interpretable,1000.0,0.445288916694293,0.5061960348836784,1000.0,0.24565043930832486,0.2505095583591393,1000.0,0.6844299327646601,0.694180510530034,1000.0,1.0,1.0,1000.0,0.0,0.0,1000.0,0.5211358168548327,0.5724648962261825,1000.0,0.5211358168548327,0.5724648962261825
prevalence_only,Unweighted,0.5,,5036,2689,0.5339555202541699,0.49997829215682954,0.5339309680052325,0.2490289090913358,0.6912061883613332,1.0,0.0,0.53395552025417,,0.5339555202541699,0.5,0.5463898778326319,-0.05006881538619307,,,Within-fold constant benchmark; pooled slope not interpretable,,,,,,,,,,,,,,,,,,,,,
random_forest__basic,Survey weighted,0.5,1000.0,5036,2689,0.5463828346116878,0.600776526730866,0.6371683662584788,0.24069230782424433,0.674663314046384,0.6876537552320416,0.4202801667665973,0.5882672326285808,0.5276574706502352,0.5663685059326456,0.5539669609993194,0.5466869886163099,-0.0012804718774095168,0.822479769843451,0.02999445051764979,Estimated,1000.0,0.573038540176896,0.6266947448716952,1000.0,0.23565706382974178,0.24608791223010532,1000.0,0.6640972993991463,0.6860023371498939,1000.0,0.6546751176627478,0.7205010565484371,1000.0,0.38452053030045513,0.4541173020714735,1000.0,0.5537974119050468,0.6217016461187387,1000.0,0.5404421914369224,0.5917998083455297
random_forest__basic,Unweighted,0.5,,5036,2689,0.5339555202541699,0.6221051917713649,0.6403164632814574,0.2386421501201293,0.6702645526503286,0.7504648568240981,0.39923306348530035,0.588681446907818,0.5827114427860697,0.5867752184273233,0.5748489601546992,0.5541236372762335,-0.08477222257533677,1.0104371642327736,-0.08696829425905829,Estimated,,,,,,,,,,,,,,,,,,,,,
random_forest__context,Survey weighted,0.5,1000.0,5036,2689,0.5463828346116878,0.6399247950459723,0.6905806471340438,0.2324438503796906,0.6561177742408191,0.7115926632695312,0.47201642376188097,0.6188115157007499,0.5760487055951758,0.6029167686096795,0.5918045435157061,0.5447076383557883,0.007122618218546776,1.1319670997668114,-0.014131576525023452,Estimated,1000.0,0.61316702315837,0.6664552608349037,1000.0,0.22716401739341618,0.23768502630650223,1000.0,0.6447342856222873,0.6670577501071313,1000.0,0.6787742935008912,0.746329570663676,1000.0,0.43315296399235387,0.5100568377937749,1000.0,0.5864536749789303,0.6531701394729652,1000.0,0.577937318409738,0.6273135760903328
random_forest__context,Unweighted,0.5,,5036,2689,0.5339555202541699,0.6433898904514488,0.6720705663297942,0.23386305487009043,0.6595620580360086,0.7556712532539979,0.4201107797187899,0.5988800471559093,0.6001217285453438,0.5992851469420175,0.5878910164863939,0.552500092881105,-0.07837034985035236,1.1896586244569065,-0.11664305051709875,Estimated,,,,,,,,,,,,,,,,,,,,,
random_forest__context_diet,Survey weighted,0.5,1000.0,5036,2689,0.5463828346116878,0.6252448004857452,0.6657402772761332,0.23608664118850103,0.6644201800213867,0.7151846023397966,0.44295043689982017,0.6072942364813793,0.5635421544854942,0.5916945118910617,0.5790675196198084,0.5432300765265412,0.013409475114044457,0.9522841701692184,0.02105555532945638,Estimated,1000.0,0.5957991482626299,0.6513730663284024,1000.0,0.23067508058569475,0.24161419670628245,1000.0,0.6528835162642564,0.6760656609617705,1000.0,0.6820902999691214,0.7478151102992667,1000.0,0.40435584169256716,0.4838850140894737,1000.0,0.5753869395014347,0.6395685403390586,1000.0,0.5663456054602389,0.6170455084057359
random_forest__context_diet,Unweighted,0.5,,5036,2689,0.5339555202541699,0.6342429659061688,0.6589982201520199,0.23570697346910335,0.6637113020316874,0.766827817032354,0.3945462292288028,0.5920183749641114,0.5962652929813265,0.5933280381254964,0.5806870231305784,0.551852978739173,-0.07564908030728272,1.0876832087725192,-0.09344174629440612,Estimated,,,,,,,,,,,,,,,,,,,,,
random_forest__context_diet_labels,Survey weighted,0.5,1000.0,5036,2689,0.5463828346116878,0.6144081237393945,0.6643547614866194,0.23750509335310344,0.6671603314608631,0.7312694931947263,0.4174543445259852,0.6019126287253388,0.5632591539907237,0.5889175549997002,0.5743619188603557,0.5433194732425966,0.012825115745192076,1.0824800449077505,-0.0005215579152923753,Estimated,1000.0,0.5845045950707204,0.641794362145638,1000.0,0.23236780744778157,0.242392219962119,1000.0,0.6561901052360511,0.6773452486314532,1000.0,0.7006627739802438,0.7638023625860422,1000.0,0.3797346447548163,0.45466985180618186,1000.0,0.5727264240991663,0.6317187391016931,1000.0,0.5659912548083609,0.6124329266987742
random_forest__context_diet_labels,Unweighted,0.5,,5036,2689,0.5339555202541699,0.6300825072337032,0.657543812088511,0.23648344648065295,0.6652415479773574,0.783934548159167,0.37409458883681296,0.5893206597707575,0.6017820424948596,0.5929308975377283,0.5790145684979899,0.5519431334398839,-0.07505913402930936,1.273183095376733,-0.13019036084057423,Estimated,,,,,,,,,,,,,,,,,,,,,
random_forest__symptoms,Survey weighted,0.5,1000.0,5036,2689,0.5463828346116878,0.6543471628720442,0.6904130189908233,0.23097530440302289,0.6537771942353312,0.7403208989970402,0.48159279089215523,0.6323679815955177,0.6062523233236198,0.6229573879922214,0.6109568449445977,0.5453534312118052,0.004369418806893773,1.2100214243824678,-0.030748794430121424,Estimated,1000.0,0.6250361472317724,0.6826720345029963,1000.0,0.22496188916381446,0.2368043948400314,1000.0,0.6410966471327725,0.6660447296701085,1000.0,0.7073565003423232,0.7714431755554587,1000.0,0.44164266193102814,0.5200047079770711,1000.0,0.5995402674191496,0.6648413013973536,1000.0,0.5955039695832112,0.6494936483586115
random_forest__symptoms,Unweighted,0.5,,5036,2689,0.5339555202541699,0.6507322118881975,0.6713798214421747,0.23301183004564072,0.6581363935325444,0.7619933060617329,0.4337452066467831,0.6065719360568382,0.6139927623642943,0.6090150913423351,0.597869256354258,0.5514636769846661,-0.07382320676195564,1.2585742236018935,-0.12550453480342133,Estimated,,,,,,,,,,,,,,,,,,,,,
random_forest__symptoms_diet,Survey weighted,0.5,1000.0,5036,2689,0.5463828346116878,0.6526701920217365,0.6880033560520136,0.2314776516003037,0.6548684125645281,0.7316668829288135,0.45498750997108617,0.6178855130581978,0.5846700695822997,0.6061603700463136,0.5933271964499498,0.5439849905418248,0.01006639200101075,1.3843260052308688,-0.05276413296687628,Estimated,1000.0,0.6240520278037717,0.6813158620993278,1000.0,0.226271678045082,0.23648232969588828,1000.0,0.6438060493076536,0.6651915989328375,1000.0,0.6974542981677894,0.7641442006563196,1000.0,0.414921771829791,0.4953863835694036,1000.0,0.5846299157415434,0.6517707347052009,1000.0,0.5790731085311907,0.6340921268196088
random_forest__symptoms_diet,Unweighted,0.5,,5036,2689,0.5339555202541699,0.6492766772359041,0.6694605595866225,0.23363210562778614,0.6594649617077373,0.7772406098921533,0.40690242863229653,0.6002297530155083,0.6145431145431145,0.6046465448768863,0.5920715192622249,0.5505532361338301,-0.0693332911812631,1.4215434443038502,-0.15291964953113174,Estimated,,,,,,,,,,,,,,,,,,,,,
random_forest__symptoms_diet_labels,Survey weighted,0.5,1000.0,5036,2689,0.5463828346116878,0.6365723881696959,0.6739932189063068,0.23406202902694867,0.6601857403779438,0.732798508913525,0.4428180248266859,0.6130248950338751,0.579102361355603,0.6012583837041224,0.5878082668701055,0.5449640651277193,0.005968033115420609,1.1997846637619258,-0.027687457580593322,Estimated,1000.0,0.6052506272237855,0.6657048784089147,1000.0,0.22867779857561035,0.23951058168976697,1000.0,0.6489302762332597,0.6715585909229975,1000.0,0.7004506266323078,0.7651688498894946,1000.0,0.40394788991997427,0.4831093004117081,1000.0,0.580435804715106,0.6450461001591823,1000.0,0.5729710579004087,0.6286613821867542
random_forest__symptoms_diet_labels,Unweighted,0.5,,5036,2689,0.5339555202541699,0.6414651811741348,0.6635237718139111,0.23483778765613544,0.6619038911865552,0.7716623280029751,0.4017895185342991,0.5964357574015522,0.6056518946692356,0.5992851469420175,0.586725923268637,0.5505194516604119,-0.06935597523376155,1.2909142435623437,-0.12685107359513434,Estimated,,,,,,,,,,,,,,,,,,,,,
spline_logistic__basic,Survey weighted,0.5,1000.0,5036,2689,0.5463828346116878,0.6182979586304783,0.6541145578963754,0.23798043604514954,0.668681134287822,0.7101989113880458,0.41454824518298394,0.5936867974145704,0.5428765045359476,0.5760866942389395,0.5623735782855148,0.5465834789849889,-0.0008540274787220724,0.8705023489101255,0.02225351059449985,Estimated,1000.0,0.5941490990801745,0.6432170045013083,1000.0,0.232835934289659,0.24311368126787844,1000.0,0.6577623531673813,0.6795949439213106,1000.0,0.6836424802361796,0.7395672813405089,1000.0,0.38202724919537373,0.447944070911936,1000.0,0.563661709432425,0.625841746242681,1000.0,0.554177988815941,0.5987551517753578
spline_logistic__basic,Unweighted,0.5,,5036,2689,0.5339555202541699,0.6318719782325793,0.6503549904712744,0.2366462269740227,0.6659991831856129,0.7519523986612123,0.4196847038772902,0.5975177304964538,0.5962469733656174,0.5971008737092931,0.5858185512692513,0.5498728657114651,-0.06757546618337168,0.9834278805332998,-0.06429548619231552,Estimated,,,,,,,,,,,,,,,,,,,,,
spline_logistic__context,Survey weighted,0.5,1000.0,5036,2689,0.5463828346116878,0.6369119262871106,0.6857102076126598,0.23348927983879167,0.658468683847349,0.6994473420722302,0.4496188546377563,0.6048573437902452,0.5539666998465289,0.5861208517689547,0.5745330983549932,0.5466167571245975,-0.0010077073796253713,0.9635916356198385,0.0053316052494185055,Estimated,1000.0,0.6094721528231908,0.6637491396958285,1000.0,0.22718033953318448,0.23953761236323004,1000.0,0.6451514924192417,0.6711125926319921,1000.0,0.6693359525990424,0.7322608821582645,1000.0,0.41055785944896594,0.4885591717894241,1000.0,0.5731360634233071,0.6381075346012804,1000.0,0.5602966770440324,0.6130210544648951
spline_logistic__context,Unweighted,0.5,,5036,2689,0.5339555202541699,0.6523064266465837,0.6788505700733449,0.23197543980818397,0.6557097592419512,0.7359613239122351,0.4478057094162762,0.6042748091603054,0.5968199886428166,0.601667990468626,0.5918835166642556,0.5498214652356377,-0.06798429353681577,1.0874778435213135,-0.08499088633422067,Estimated,,,,,,,,,,,,,,,,,,,,,
spline_logistic__context_diet,Survey weighted,0.5,1000.0,5036,2689,0.5463828346116878,0.6225071960831512,0.6553525795441066,0.23788394731359408,0.6686285238655562,0.7314938482337656,0.39335120660189005,0.592233210938808,0.548784986515073,0.5781065416397984,0.5624225274178278,0.5468960501665681,-0.0021757154892944686,0.9000705638051171,0.015638737138438195,Estimated,1000.0,0.5941064806881312,0.6508992617154674,1000.0,0.23230743784548488,0.24360321307394575,1000.0,0.6568422764710513,0.6807563817569869,1000.0,0.6969402498382984,0.7624923362801312,1000.0,0.3558712414953663,0.42881460992906784,1000.0,0.5605483131138835,0.6238678776228805,1000.0,0.5514003791368915,0.602948109548156
spline_logistic__context_diet,Unweighted,0.5,,5036,2689,0.5339555202541699,0.6340146374243536,0.6484224926823013,0.23686782261988454,0.6665474214836475,0.783934548159167,0.37153813378781425,0.588333798492883,0.6001376462491397,0.5917394757744241,0.5777363409734906,0.5521378088804416,-0.07670777607362042,1.0475855641690086,-0.08655105604580524,Estimated,,,,,,,,,,,,,,,,,,,,,
spline_logistic__context_diet__winsor99,Survey weighted,0.5,1000.0,5036,2689,0.5463828346116878,0.6220629091693114,0.6549905972575281,0.23792898825041472,0.6687082731299151,0.7311598500444498,0.3954921563583219,0.5929764796692398,0.5498210501402331,0.5788952223221162,0.5633260032013858,0.546916503665862,-0.0022623818285151935,0.8985887501326091,0.01582760192465974,Estimated,1000.0,0.593540095366471,0.6506688827890352,1000.0,0.23235500414625898,0.2436583698951254,1000.0,0.6568960199662992,0.680833915994107,1000.0,0.6965846227203938,0.7623994141452964,1000.0,0.3600437557828008,0.4307992695114176,1000.0,0.5604030143389922,0.6240443914996915,1000.0,0.5526829691891126,0.6038673993802673
spline_logistic__context_diet__winsor99,Unweighted,0.5,,5036,2689,0.5339555202541699,0.6338897777132707,0.6487376358997727,0.23685003998503124,0.6664863762486658,0.7831907772406098,0.3706859821048146,0.5877756070332123,0.5987611837577426,0.590945194598888,0.5769383796727122,0.5521279795949431,-0.0766625293851885,1.0496916051915797,-0.08694032099572654,Estimated,,,,,,,,,,,,,,,,,,,,,
spline_logistic__context_diet_labels,Survey weighted,0.5,1000.0,5036,2689,0.5463828346116878,0.6183903424804481,0.6546984352508806,0.23826051010134472,0.6691278404991222,0.733948058520803,0.3982662296674584,0.5950036423966051,0.5541277658344669,0.5816770188439842,0.5661071440941308,0.5457343710565871,0.00272537649718212,0.978813403263922,0.006458926140854204,Estimated,1000.0,0.5898170006078182,0.6469039548218956,1000.0,0.23300635156565824,0.24369849463545065,1000.0,0.6580923453361939,0.6804888574022452,1000.0,0.6998065784821706,0.766671838673916,1000.0,0.36020767581007995,0.43632227212938596,1000.0,0.5642445753134469,0.6257705180853861,1000.0,0.554142178951901,0.6081488266761612
spline_logistic__context_diet_labels,Unweighted,0.5,,5036,2689,0.5339555202541699,0.6304295158216112,0.6468545800009389,0.237533956662601,0.6677660203196831,0.7943473410189662,0.3527907967618236,0.5844049247606019,0.5995655322230268,0.5885623510722795,0.5735690688903949,0.5523532175980282,-0.07699816331823907,1.14100785187644,-0.10657591484621694,Estimated,,,,,,,,,,,,,,,,,,,,,
spline_logistic__symptoms,Survey weighted,0.5,1000.0,5036,2689,0.5463828346116878,0.6542155095968805,0.6990131934821783,0.22979664997311167,0.6505715170148083,0.6895848994055221,0.4890423964185093,0.6191329106032745,0.5667178557780749,0.5986153776606763,0.5893136479120157,0.5464510652964896,-0.00029823019814067755,0.9801792374334506,0.003055037340233093,Estimated,1000.0,0.6260139888196399,0.6827631667372206,1000.0,0.22286846406784167,0.23648978149497774,1000.0,0.6357619467372365,0.6649824321101095,1000.0,0.6565299175984265,0.7222151364190227,1000.0,0.4536153397048799,0.526189578164521,1000.0,0.58719228712236,0.6525511969643771,1000.0,0.5737293261308571,0.6245437197740794
spline_logistic__symptoms,Unweighted,0.5,,5036,2689,0.5339555202541699,0.6620587940294878,0.6859776436753029,0.2295805727450942,0.6507149299056514,0.7195983637039792,0.48785683851725603,0.6168313675486133,0.6029489204844655,0.6115965051628276,0.6037276011106176,0.5475249753855509,-0.05887181353290382,1.0513507823120394,-0.0682661110018611,Estimated,,,,,,,,,,,,,,,,,,,,,
spline_logistic__symptoms_diet,Survey weighted,0.5,1000.0,5036,2689,0.5463828346116878,0.6328160743160429,0.6673566386940857,0.23515656951694996,0.6626858599163123,0.7082870104150047,0.4665463074769741,0.615275685280057,0.5704091280131703,0.5986292779892772,0.5874166589459895,0.5481232635741552,-0.007523661111508395,0.8696236630740672,0.01574701243241948,Estimated,1000.0,0.6057143439418411,0.6611165686317493,1000.0,0.22873646042310872,0.24155539160598832,1000.0,0.648788308323446,0.6765162217631543,1000.0,0.6739974247028225,0.7410349994075908,1000.0,0.42919014444699544,0.5033168358124366,1000.0,0.5810836766530851,0.6487392451705676,1000.0,0.5723620815545268,0.6245316055530629
spline_logistic__symptoms_diet,Unweighted,0.5,,5036,2689,0.5339555202541699,0.640605740726275,0.6581472988311878,0.2347673449327441,0.6621038669078223,0.7474897731498699,0.4354495100127823,0.6026986506746627,0.6008230452674898,0.6020651310563939,0.5914696415813261,0.5503618905902885,-0.07042248298605484,0.957638773552449,-0.06206575970095685,Estimated,,,,,,,,,,,,,,,,,,,,,
spline_logistic__symptoms_diet__winsor99,Survey weighted,0.5,1000.0,5036,2689,0.5463828346116878,0.6324006819814859,0.6671474352379712,0.2352180428167065,0.6627989686797862,0.7089320367113564,0.4654878005802057,0.6150218953813745,0.5703949703552446,0.5985015523874209,0.5872099186457811,0.5481341836348272,-0.007570471698970826,0.8681818226616396,0.015965991525875085,Estimated,1000.0,0.6050064865295082,0.6605157224955477,1000.0,0.22877954901971592,0.24162210690036873,1000.0,0.6489987326232239,0.676609519782601,1000.0,0.6741217615151164,0.7416175534721788,1000.0,0.42838175923654664,0.5028628211762929,1000.0,0.5803947885626985,0.6482048181931929,1000.0,0.5725428152500983,0.6241915445307367
spline_logistic__symptoms_diet__winsor99,Unweighted,0.5,,5036,2689,0.5339555202541699,0.6406234872841954,0.6586384882797917,0.23473985146854487,0.6620174591845458,0.748233544068427,0.43502343417128253,0.6027561414020371,0.6012956419316844,0.6022637013502781,0.5916284891198548,0.550325745896616,-0.0702607990723693,0.9597992831566168,-0.06233589812460047,Estimated,,,,,,,,,,,,,,,,,,,,,
spline_logistic__symptoms_diet_labels,Survey weighted,0.5,1000.0,5036,2689,0.5463828346116878,0.6297460479228466,0.6659177026959817,0.23599604553398315,0.6645992710672468,0.7166417261151328,0.4506774556389741,0.6111043198606675,0.5690493372722083,0.5959957676471673,0.5836595908770534,0.5462229259277753,0.0006839015531493149,0.9065884249367183,0.016861967333352816,Estimated,1000.0,0.600942139071842,0.6585041697121522,1000.0,0.22986744950201515,0.24218004349422073,1000.0,0.6513735394562142,0.6778963492838513,1000.0,0.6821660112527878,0.7499051997874849,1000.0,0.4145917739757605,0.4858675317866164,1000.0,0.5783182919812614,0.6440486561355866,1000.0,0.5684493362447175,0.6219058490755973
spline_logistic__symptoms_diet_labels,Unweighted,0.5,,5036,2689,0.5339555202541699,0.6404483984761413,0.6571463481056599,0.2350941675338597,0.6628420022570733,0.7660840461137969,0.41542394546229233,0.6002331002331003,0.60785536159601,0.602660841938046,0.5907539957880446,0.5503087971510767,-0.06952684230419294,1.0316607786074088,-0.07581602582583921,Estimated,,,,,,,,,,,,,,,,,,,,,
