model,feature,brier_increase,auc_drop,minimum_fold_brier_increase,maximum_fold_brier_increase,minimum_fold_auc_drop,maximum_fold_auc_drop,median_rank,best_rank,worst_rank,fraction_top3,fraction_top10,fraction_positive_folds,folds,repeats_per_fold,overall_rank
hist_gradient_boosting__context_diet_labels,age,0.0033342400229411416,0.018985838160064574,-0.0013387938403128907,0.009620646849385295,-0.0027139005175838447,0.04275255307747505,3.0,1.0,37.0,0.6,0.8,0.8,5,5,3.0
hist_gradient_boosting__context_diet_labels,born_chile,0.0,0.0,0.0,0.0,0.0,0.0,17.0,15.0,22.0,0.0,0.0,0.0,5,5,20.0
hist_gradient_boosting__context_diet_labels,dairy_frequency,-0.00035051747285102874,-0.0016736175915724003,-0.0009336650956413173,1.1723960790116506e-05,-0.004296919348617067,0.0,33.0,14.0,36.0,0.0,0.0,0.2,5,5,35.0
hist_gradient_boosting__context_diet_labels,dairy_type,-0.00021520049446565538,-0.0012576553353573737,-0.0011388694772206053,7.135804551799962e-06,-0.0063632668564596925,0.00017028644164456263,21.0,17.0,37.0,0.0,0.0,0.2,5,5,33.0
hist_gradient_boosting__context_diet_labels,dental_access,8.80322231072789e-05,-0.0005044510093995561,-0.0002645286843790562,0.0008012396973899605,-0.001542790433832697,0.0,18.0,7.0,34.0,0.0,0.2,0.2,5,5,15.0
hist_gradient_boosting__context_diet_labels,dental_visit,0.0015095692860500468,0.00838371020129309,0.0005087651298898877,0.003373756273598766,0.0035125970488101067,0.018404729022040843,5.0,3.0,6.0,0.2,1.0,1.0,5,5,5.0
hist_gradient_boosting__context_diet_labels,dental_visit_reason,0.004512383740210303,0.023649372594338008,0.0028535945904175075,0.007305216865839037,0.016131074392060164,0.03656304358917393,2.0,1.0,4.0,0.8,1.0,1.0,5,5,2.0
hist_gradient_boosting__context_diet_labels,diabetes_reported,-7.021810074231266e-05,-0.0005613684367173564,-0.00024631250858969114,3.445330927176471e-05,-0.0010791077781758585,0.0,17.0,16.0,32.0,0.0,0.0,0.4,5,5,27.0
hist_gradient_boosting__context_diet_labels,education,0.0002197410184233513,0.0016729473681203343,-0.00012520186724397918,0.0005695092180037553,-0.0005484384791384133,0.0035720702931471005,11.0,7.0,27.0,0.0,0.4,0.8,5,5,9.0
hist_gradient_boosting__context_diet_labels,fish,-0.0006664319121602437,-0.003455467845629122,-0.002201675643190665,0.0,-0.011473218197080071,0.0,29.0,16.0,38.0,0.0,0.0,0.0,5,5,38.0
hist_gradient_boosting__context_diet_labels,fruit_days,-0.00016223248441553343,-0.0002496098149037751,-0.0010252874339560514,0.0002857402211616955,-0.002043330117083375,0.0012396735776313062,28.0,15.0,38.0,0.0,0.0,0.2,5,5,29.0
hist_gradient_boosting__context_diet_labels,fruit_portions,-0.00016754939015052651,-8.439393217371318e-05,-0.002487926090217618,0.0007236123373357383,-0.010127906201515113,0.004371161294475345,10.0,8.0,38.0,0.0,0.6,0.8,5,5,30.0
hist_gradient_boosting__context_diet_labels,health_insurance,0.00024971321680417285,0.0021545693024395567,-0.00010723271553010338,0.001035219825659023,-0.0010050662390304055,0.0075981167772128265,11.0,9.0,26.0,0.0,0.4,0.8,5,5,8.0
hist_gradient_boosting__context_diet_labels,household_water_source,-0.00040792620586760337,-0.0016098316497197437,-0.0019670058263420998,0.0,-0.0077625516303710725,0.0,17.0,15.0,38.0,0.0,0.0,0.0,5,5,36.0
hist_gradient_boosting__context_diet_labels,income_band,0.000701743068245723,0.003307690089453862,-0.00015555073636017714,0.0016604225548044692,-0.005408867819804386,0.009925159226920787,8.0,6.0,28.0,0.0,0.8,0.8,5,5,7.0
hist_gradient_boosting__context_diet_labels,indigenous,0.0,0.0,0.0,0.0,0.0,0.0,17.0,15.0,22.0,0.0,0.0,0.0,5,5,20.0
hist_gradient_boosting__context_diet_labels,juice_frequency,-0.00019648626024805203,-0.00046704849827080945,-0.0005841850519622716,0.0,-0.0020654009004227535,0.0,17.0,15.0,37.0,0.0,0.0,0.0,5,5,32.0
hist_gradient_boosting__context_diet_labels,juice_glasses_daily,0.00019067691173208688,0.000872532102577532,3.930522515982471e-05,0.00033192977339026043,-0.0011865581251391255,0.002767795256935224,12.0,8.0,17.0,0.0,0.2,1.0,5,5,10.0
hist_gradient_boosting__context_diet_labels,label_brand,0.00013313533956566667,0.0006825616841938398,-1.4904495644352257e-05,0.0004008138687805085,-0.0009404944124870917,0.0030327834695931476,15.0,11.0,30.0,0.0,0.0,0.4,5,5,13.0
hist_gradient_boosting__context_diet_labels,label_discounts,3.421988627154868e-05,-0.00036402028544966163,-0.0006600745694405885,0.0005618647248618547,-0.0038780206241799233,0.0013259586110364152,14.0,9.0,36.0,0.0,0.2,0.6,5,5,18.0
hist_gradient_boosting__context_diet_labels,label_health,-1.823888190007914e-05,-4.959960700838746e-05,-0.00020840411301560336,0.0001241443483728233,-0.0013998132185194302,0.0011961758931534395,16.0,15.0,30.0,0.0,0.0,0.2,5,5,22.0
hist_gradient_boosting__context_diet_labels,label_ingredients,-3.601564245465074e-05,-0.0002118973576312822,-0.00011514482713029239,0.0,-0.000616131048009505,0.0,18.0,16.0,30.0,0.0,0.0,0.0,5,5,24.0
hist_gradient_boosting__context_diet_labels,label_nutrition,-0.0005153275898542594,-0.0016604398952951892,-0.001829563286160385,0.0,-0.00624198942920644,0.0,33.0,17.0,37.0,0.0,0.0,0.0,5,5,37.0
hist_gradient_boosting__context_diet_labels,label_warnings,-0.00018726152582629598,-0.0006547639320964545,-0.0006404777388704652,0.0003735780436278424,-0.004371195193328204,0.0031632849992309755,34.0,7.0,36.0,0.0,0.2,0.4,5,5,31.0
hist_gradient_boosting__context_diet_labels,legumes,4.285334112808151e-05,0.00024806375949387033,0.0,0.00011524276085851937,-0.0010133444532266056,0.0021437295657422252,16.0,12.0,22.0,0.0,0.0,0.6,5,5,17.0
hist_gradient_boosting__context_diet_labels,oil,1.4329336164030599e-05,9.530433560529297e-05,0.0,6.909555531573464e-05,0.0,0.000459554156400821,17.0,15.0,18.0,0.0,0.0,0.2,5,5,19.0
hist_gradient_boosting__context_diet_labels,region,0.0025988070201544405,0.012901114698323737,0.001230219049299258,0.003671557225538935,0.0052174388345971765,0.017806017932857743,4.0,3.0,4.0,0.4,1.0,1.0,5,5,4.0
hist_gradient_boosting__context_diet_labels,rural,-9.472027651849392e-05,-0.0004838001170783291,-0.0004567378440135883,0.0,-0.0023328671592796058,0.0,17.0,15.0,33.0,0.0,0.0,0.0,5,5,28.0
hist_gradient_boosting__context_diet_labels,rural_water_consumption,9.847667668957415e-05,0.00015617500506355045,0.0,0.00047485107360341615,0.0,0.0007530703849625064,16.0,10.0,18.0,0.0,0.2,0.2,5,5,14.0
hist_gradient_boosting__context_diet_labels,sex,0.000809184069450296,0.005696453631579818,0.00025344283455703274,0.0015494142660373578,0.0008298476735946414,0.01463442867436362,7.0,4.0,13.0,0.0,0.8,1.0,5,5,6.0
hist_gradient_boosting__context_diet_labels,smoking_status,0.00016170071947975388,0.001461081778652822,-0.0005140607172036737,0.0008304337554401464,-0.0017057552924154562,0.0037663098803082827,12.0,6.0,35.0,0.0,0.4,0.6,5,5,11.0
hist_gradient_boosting__context_diet_labels,soda_frequency,-4.228854758125795e-05,0.0008426559905658911,-0.00027836264387465226,0.0003588207279760558,-0.0012390665596441418,0.004419415779844971,32.0,14.0,34.0,0.0,0.0,0.2,5,5,25.0
hist_gradient_boosting__context_diet_labels,soda_glasses_daily,8.461551510023908e-05,0.0010318021204386925,-0.001455145906284805,0.0011383535606029449,-0.008237264642166231,0.006706248279775529,19.0,5.0,38.0,0.0,0.4,0.6,5,5,16.0
hist_gradient_boosting__context_diet_labels,teeth_remaining,0.005139235783478163,0.02918719242671107,0.0038042469010847015,0.006478403004346156,0.024775647218007978,0.03271076650289784,2.0,1.0,2.0,1.0,1.0,1.0,5,5,1.0
hist_gradient_boosting__context_diet_labels,vegetable_days,-2.3939395764985544e-05,-0.00035809479804202617,-0.0005457863027438115,0.0002233303396056152,-0.0033809969921159365,0.002046818233080261,13.0,9.0,35.0,0.0,0.2,0.6,5,5,23.0
hist_gradient_boosting__context_diet_labels,vegetable_portions,-0.0003446434829828194,-0.0014345610312406878,-0.000645432326854678,0.0,-0.0026862818373539323,0.0,34.0,16.0,37.0,0.0,0.0,0.0,5,5,34.0
hist_gradient_boosting__context_diet_labels,water,0.00013748126309125544,0.0005183120568714518,-4.822375747831065e-05,0.0006183720904372858,-0.0007453612026949941,0.0035296825282593812,13.0,8.0,30.0,0.0,0.2,0.6,5,5,12.0
hist_gradient_boosting__context_diet_labels,wholegrain,-6.509380829798949e-05,-0.00021381980739428827,-0.0004088481223242679,0.00039616843473512243,-0.0014246097696091198,0.001596628163019087,32.0,12.0,35.0,0.0,0.0,0.2,5,5,26.0
hist_gradient_boosting__symptoms_diet_labels,age,0.002873648134885828,0.015017155118403468,-0.0017913153990911923,0.0064892814436653175,-0.009820408474614562,0.02955619238915168,3.0,2.0,43.0,0.6,0.8,0.8,5,5,4.0
hist_gradient_boosting__symptoms_diet_labels,born_chile,0.0,0.0,0.0,0.0,0.0,0.0,20.0,16.0,22.0,0.0,0.0,0.0,5,5,20.0
hist_gradient_boosting__symptoms_diet_labels,dairy_frequency,-0.00021090059538481402,-0.001107782127727618,-0.00089165886358889,0.00013824903773023144,-0.005411875846521852,0.0016822238502203213,20.0,12.0,42.0,0.0,0.0,0.2,5,5,39.0
hist_gradient_boosting__symptoms_diet_labels,dairy_type,5.604788174698831e-05,0.0005696281251481837,-0.0002446793063277275,0.00027802130641247925,-0.0005037523645813335,0.0018694154867708202,19.0,11.0,32.0,0.0,0.0,0.6,5,5,14.0
hist_gradient_boosting__symptoms_diet_labels,dental_access,-0.00013944123850684044,-0.00027049530406456773,-0.000416112951056069,7.440958280005016e-05,-0.0015378791616623034,0.0006364195021670183,33.0,16.0,41.0,0.0,0.0,0.2,5,5,36.0
hist_gradient_boosting__symptoms_diet_labels,dental_visit,0.001158618175934893,0.005590890362941025,0.0003595302579525228,0.0027410788664685272,0.0005831402133262165,0.013560002465457388,7.0,5.0,8.0,0.0,1.0,1.0,5,5,6.0
hist_gradient_boosting__symptoms_diet_labels,dental_visit_reason,0.0033563568019314848,0.016681666244156585,0.0015232115885121355,0.005859511083402036,0.01185867447841018,0.02332794947414867,2.0,2.0,5.0,0.6,1.0,1.0,5,5,3.0
hist_gradient_boosting__symptoms_diet_labels,diabetes_reported,4.943419090469894e-05,0.00031181945434380343,-6.199611699585495e-05,0.0001771164602639652,-0.0013894069742630855,0.001622573390713522,18.0,11.0,34.0,0.0,0.0,0.6,5,5,15.0
hist_gradient_boosting__symptoms_diet_labels,education,0.00017190480254639602,0.00120529850991987,0.0,0.00030806106454583373,0.0,0.002285143570153547,14.0,11.0,18.0,0.0,0.0,0.8,5,5,12.0
hist_gradient_boosting__symptoms_diet_labels,fish,-0.0004921197359417876,-0.002402304864222516,-0.0017631714865117443,0.0,-0.008512671691964013,0.0,34.0,20.0,44.0,0.0,0.0,0.0,5,5,44.0
hist_gradient_boosting__symptoms_diet_labels,fruit_days,-0.00032009304491183984,-0.0009087499976691688,-0.0012253993305360756,0.0,-0.00253542924212109,0.0,30.0,20.0,44.0,0.0,0.0,0.0,5,5,42.0
hist_gradient_boosting__symptoms_diet_labels,fruit_portions,-0.00019278122862894246,-0.0007229889926682104,-0.0022992542686627094,0.0006526197589376614,-0.010564979962684351,0.003513535809769719,13.0,9.0,44.0,0.0,0.4,0.6,5,5,38.0
hist_gradient_boosting__symptoms_diet_labels,health_insurance,0.00023278757414125156,0.002449945584834778,-1.786878530066205e-05,0.0008017645618162928,0.00019408845402166808,0.007191529562795962,13.0,9.0,31.0,0.0,0.2,0.8,5,5,10.0
hist_gradient_boosting__symptoms_diet_labels,household_water_source,0.0,0.0,0.0,0.0,0.0,0.0,20.0,16.0,22.0,0.0,0.0,0.0,5,5,20.0
hist_gradient_boosting__symptoms_diet_labels,income_band,0.0003237436024865837,0.0024005914481796775,-0.00011729892162835598,0.0011465746764370733,-0.0006682487894922318,0.006073210602503476,13.0,7.0,37.0,0.0,0.4,0.8,5,5,9.0
hist_gradient_boosting__symptoms_diet_labels,indigenous,0.0,0.0,0.0,0.0,0.0,0.0,20.0,16.0,22.0,0.0,0.0,0.0,5,5,20.0
hist_gradient_boosting__symptoms_diet_labels,juice_frequency,0.00035498833237088096,0.0018118158970499832,9.818799970477965e-05,0.0006191742955816537,0.001146111628606694,0.002697219144537066,10.0,6.0,15.0,0.0,0.6,1.0,5,5,8.0
hist_gradient_boosting__symptoms_diet_labels,juice_glasses_daily,2.227571253285696e-05,0.00015389622858426967,-0.00011340528726410115,0.00030895056177486225,-0.001098864296106461,0.0015408888653822173,26.0,10.0,38.0,0.0,0.2,0.4,5,5,16.0
hist_gradient_boosting__symptoms_diet_labels,label_brand,-6.570793663758933e-05,-0.00015512048514547004,-0.00018324866478228174,5.946916846429895e-05,-0.0009622275691925531,0.0011667961160354734,28.0,20.0,39.0,0.0,0.0,0.2,5,5,31.0
hist_gradient_boosting__symptoms_diet_labels,label_discounts,-5.5605386664451285e-05,-0.00013735762090389287,-0.0002716125678121184,0.00016071761106766224,-0.0012402191456636126,0.001276012007867644,33.0,14.0,40.0,0.0,0.0,0.4,5,5,30.0
hist_gradient_boosting__symptoms_diet_labels,label_health,1.543760481045563e-05,0.0003647925250308064,-5.747260711047586e-05,0.000163807010189454,0.0,0.0016325410467612268,21.0,16.0,32.0,0.0,0.0,0.2,5,5,17.0
hist_gradient_boosting__symptoms_diet_labels,label_ingredients,0.0,0.0,0.0,0.0,0.0,0.0,20.0,16.0,22.0,0.0,0.0,0.0,5,5,20.0
hist_gradient_boosting__symptoms_diet_labels,label_nutrition,-0.00038370374433009506,-0.0011017089032982306,-0.0009482373938386301,0.0,-0.0027206825489704657,0.0,39.0,21.0,44.0,0.0,0.0,0.0,5,5,43.0
hist_gradient_boosting__symptoms_diet_labels,label_warnings,-0.0002827543622308423,-0.0015080718537675522,-0.0007685821543000681,0.0005351598851102036,-0.004681415024220969,0.002288693862222746,41.0,7.0,43.0,0.0,0.2,0.4,5,5,41.0
hist_gradient_boosting__symptoms_diet_labels,legumes,-9.934327057069523e-05,-0.00021401063821845366,-0.0005953171955945247,0.00010298847656845523,-0.001962658939920092,0.0013784818227671413,19.0,15.0,42.0,0.0,0.0,0.4,5,5,33.0
hist_gradient_boosting__symptoms_diet_labels,oil,0.0,0.0,0.0,0.0,0.0,0.0,20.0,16.0,22.0,0.0,0.0,0.0,5,5,20.0
hist_gradient_boosting__symptoms_diet_labels,oral_daily_activities,-1.9381454177731763e-05,-9.731502125418216e-05,-0.00010387565460241999,0.0,-0.0005215636268944612,0.0,21.0,18.0,30.0,0.0,0.0,0.0,5,5,26.0
hist_gradient_boosting__symptoms_diet_labels,oral_eating,1.299780131725762e-05,0.0003623818903692566,-0.0005265526196409631,0.0003364410327749312,-0.0017605040538297922,0.0020593724194898134,22.0,10.0,41.0,0.0,0.2,0.4,5,5,18.0
hist_gradient_boosting__symptoms_diet_labels,oral_health_selfrating,0.00706332684982147,0.03751942052820799,0.006191975205432604,0.007675893574934372,0.0293041178460395,0.04366907812469696,1.0,1.0,1.0,1.0,1.0,1.0,5,5,1.0
hist_gradient_boosting__symptoms_diet_labels,oral_pain,-0.00025104405534634395,-0.0006606063852966538,-0.001169968556278822,0.00021504812413736807,-0.004997020299058907,0.0015645788661294401,36.0,10.0,43.0,0.0,0.2,0.4,5,5,40.0
hist_gradient_boosting__symptoms_diet_labels,oral_social,-2.7564844769633934e-05,-0.00010702902648133252,-0.00011953714999408117,0.0,-0.0004785501479118492,0.0,22.0,18.0,35.0,0.0,0.0,0.0,5,5,28.0
hist_gradient_boosting__symptoms_diet_labels,oral_speech,-0.00011933746398431855,-0.0005548353874703652,-0.0002846657205098746,0.0,-0.0012830518480822172,0.0,36.0,16.0,41.0,0.0,0.0,0.0,5,5,34.0
hist_gradient_boosting__symptoms_diet_labels,region,0.002513214805207573,0.012808388630505247,0.0013923475261334306,0.003438192289585701,0.008541759254935366,0.014450235718888394,5.0,3.0,6.0,0.2,1.0,1.0,5,5,5.0
hist_gradient_boosting__symptoms_diet_labels,rural,5.344794507429168e-06,3.9276521626827197e-05,0.0,2.8645633247298407e-05,0.0,0.000210504039432724,20.0,15.0,22.0,0.0,0.0,0.2,5,5,19.0
hist_gradient_boosting__symptoms_diet_labels,rural_water_consumption,0.0,0.0,0.0,0.0,0.0,0.0,20.0,16.0,22.0,0.0,0.0,0.0,5,5,20.0
hist_gradient_boosting__symptoms_diet_labels,sex,0.0009808956505298417,0.0053079827603958055,0.0006107920333037475,0.0014681389814591272,0.0021524352962716707,0.012359526507035201,6.0,5.0,8.0,0.0,1.0,1.0,5,5,7.0
hist_gradient_boosting__symptoms_diet_labels,smoking_status,0.00017597865222191125,0.0009297876787961634,-0.0003628942028806537,0.0004682226369151554,-0.00018796775417175837,0.002425569533390304,12.0,8.0,35.0,0.0,0.2,0.8,5,5,11.0
hist_gradient_boosting__symptoms_diet_labels,soda_frequency,6.0960033055364624e-05,0.000906576580735144,-0.00024474625443316465,0.0004594324565144192,-6.021982804611525e-05,0.0033959919455150535,20.0,9.0,39.0,0.0,0.2,0.6,5,5,13.0
hist_gradient_boosting__symptoms_diet_labels,soda_glasses_daily,-9.743236832150196e-05,0.00044012148946443656,-0.00165331414670708,0.0008393012344029172,-0.0042436334459488466,0.004528665591270275,18.0,8.0,44.0,0.0,0.4,0.4,5,5,32.0
hist_gradient_boosting__symptoms_diet_labels,teeth_remaining,0.0037483199312820185,0.019131356779975597,0.0015688327339276498,0.005399884073655087,0.009234902136522472,0.025019636648548116,3.0,2.0,4.0,0.6,1.0,1.0,5,5,2.0
hist_gradient_boosting__symptoms_diet_labels,vegetable_days,-2.0988093613127053e-05,3.6276543465968926e-05,-0.00043790723448227655,0.0002241985066111951,-0.0004922728605972982,0.0006440143092208084,16.0,13.0,43.0,0.0,0.0,0.4,5,5,27.0
hist_gradient_boosting__symptoms_diet_labels,vegetable_portions,-0.0001398144473531717,-0.0003478107256975884,-0.0005247828492815243,3.8648781323163964e-05,-0.0014674087524472635,0.0004916433390040664,21.0,17.0,40.0,0.0,0.0,0.4,5,5,37.0
hist_gradient_boosting__symptoms_diet_labels,water,-0.00013255675178815214,-0.0002746949586830996,-0.00046577624177053246,1.941563252932932e-05,-0.0020693965696954473,0.0004323188790341881,37.0,17.0,38.0,0.0,0.0,0.2,5,5,35.0
hist_gradient_boosting__symptoms_diet_labels,wholegrain,-5.0215665816533803e-05,-0.00031186459884733096,-0.00015983405512789428,3.19932379658161e-05,-0.001552571423674176,0.0006029780262164497,22.0,16.0,40.0,0.0,0.0,0.2,5,5,29.0
mlp__context_diet_labels,age,-6.137816657970137e-12,0.013997768829916877,-2.968343348896951e-11,1.4410694859634533e-14,-0.023195460366923815,0.03912826532633103,1.0,1.0,38.0,0.6,0.6,0.6,5,5,28.0
mlp__context_diet_labels,born_chile,-5.058723748639882e-12,-0.0006119226925805695,-2.2887303163798833e-11,1.1102230246251566e-17,-0.0018019115997735425,0.0012886988681831246,30.0,20.0,34.0,0.0,0.0,0.2,5,5,25.0
mlp__context_diet_labels,dairy_frequency,6.6645162234026284e-12,0.0020257283175373407,7.771561172376095e-17,2.3785240443885413e-11,-0.0018892273128294557,0.004331737681479852,11.0,5.0,23.0,0.0,0.4,1.0,5,5,14.0
mlp__context_diet_labels,dairy_type,-1.6336779377118737e-12,-8.894763579779427e-05,-1.1626899443228922e-11,3.6317449048084425e-12,-0.0062074678350366955,0.00563908288947459,20.0,6.0,36.0,0.0,0.2,0.6,5,5,22.0
mlp__context_diet_labels,dental_access,1.2136551673616974e-11,0.004057823438382595,4.4408920985006264e-17,5.59275903366796e-11,0.0015695956395546772,0.00848476536788525,9.0,4.0,11.0,0.0,0.6,1.0,5,5,9.0
mlp__context_diet_labels,dental_visit,4.580828097031803e-11,0.0027235181498222478,-6.272760089132135e-16,2.0712094817021408e-10,-0.005023581665789112,0.00957308378119488,7.0,2.0,33.0,0.4,0.6,0.6,5,5,3.0
mlp__context_diet_labels,dental_visit_reason,1.0173255690401204e-10,0.009429219586951901,8.881784197001253e-17,4.63864147093318e-10,0.0015540552247950146,0.022537294570237232,6.0,1.0,29.0,0.4,0.8,1.0,5,5,1.0
mlp__context_diet_labels,diabetes_reported,-6.110136866798518e-12,-0.0008851574202323161,-2.811358923437979e-11,4.440892098500626e-16,-0.0023837664056190143,0.0009338378732881347,28.0,22.0,31.0,0.0,0.0,0.4,5,5,27.0
mlp__context_diet_labels,education,7.326942305977228e-12,0.0024523249209074593,-6.217248937900876e-16,3.00607982950396e-11,-0.0018840283914363543,0.009708526436691067,8.0,4.0,36.0,0.0,0.6,0.8,5,5,13.0
mlp__context_diet_labels,fish,-1.3767360845090957e-11,-0.0008548405955868253,-6.290395426766792e-11,9.992007221626409e-16,-0.005740816765206857,0.003987429302165136,33.0,6.0,37.0,0.0,0.2,0.4,5,5,33.0
mlp__context_diet_labels,fruit_days,-8.235610087998934e-12,-0.004748432871244701,-5.7359622607222603e-11,1.7066609236948694e-11,-0.01895682166015451,0.0081872520672284,26.0,3.0,37.0,0.2,0.2,0.4,5,5,31.0
mlp__context_diet_labels,fruit_portions,-6.886361929052639e-11,0.00012018683946029268,-3.28438898300476e-10,7.16093850883226e-15,-0.012155344004404012,0.012596396426678647,35.0,4.0,38.0,0.0,0.2,0.4,5,5,38.0
mlp__context_diet_labels,health_insurance,-7.613569353627112e-13,-1.9071249170834365e-06,-1.944039373924511e-12,1.2656542480726785e-15,-0.0004978061539939293,0.0008377165696960675,19.0,16.0,29.0,0.0,0.0,0.6,5,5,21.0
mlp__context_diet_labels,household_water_source,6.422888095248508e-12,0.00015834018886989615,-1.6653345369377347e-17,3.05980074610801e-11,-0.0018292284718845141,0.0013231204146982422,21.0,14.0,32.0,0.0,0.0,0.8,5,5,15.0
mlp__context_diet_labels,income_band,1.6584105706550722e-12,0.00044861500350737107,-9.450384919063026e-13,9.084744068132978e-12,-0.00040156430580997606,0.0027085576539621183,23.0,18.0,31.0,0.0,0.0,0.4,5,5,18.0
mlp__context_diet_labels,indigenous,5.9259713597006096e-12,1.3553665372136524e-05,-5.580824691264752e-12,3.4645419866308204e-11,-0.0028306485251145875,0.0015639006592397032,25.0,13.0,34.0,0.0,0.0,0.6,5,5,16.0
mlp__context_diet_labels,juice_frequency,-2.8817636904813367e-11,-0.0007166522695691245,-1.4216281485346372e-10,5.412226222745175e-13,-0.006205647153022587,0.001147207463432154,23.0,17.0,36.0,0.0,0.0,0.8,5,5,36.0
mlp__context_diet_labels,juice_glasses_daily,-4.724643640712528e-12,0.0004573550779967598,-2.616413752321023e-11,2.9742930340859174e-12,-0.0009745521174472138,0.002625379560617702,14.0,10.0,35.0,0.0,0.2,0.6,5,5,24.0
mlp__context_diet_labels,label_brand,-7.685716093664214e-12,0.0011032998344840575,-4.5248116364859924e-11,7.55338014357676e-12,-0.003213911201487374,0.006193034109000873,16.0,7.0,32.0,0.0,0.4,0.6,5,5,30.0
mlp__context_diet_labels,label_discounts,-1.864828352322362e-11,-0.0022435852391215747,-9.546089474454789e-11,3.855071817326916e-12,-0.005304704310734487,0.0006731620651196035,32.0,10.0,37.0,0.0,0.2,0.2,5,5,35.0
mlp__context_diet_labels,label_health,6.468610776245248e-14,-0.0003398109250921659,-9.600986672353428e-13,1.2899736834270924e-12,-0.003179988050352711,0.0013605359983724918,15.0,14.0,20.0,0.0,0.0,0.8,5,5,19.0
mlp__context_diet_labels,label_ingredients,-4.0368706443591076e-11,-0.0014874514218967461,-2.0326156868755163e-10,4.917177776064818e-12,-0.011447198986979368,0.002649017818444133,23.0,9.0,37.0,0.0,0.2,0.6,5,5,37.0
mlp__context_diet_labels,label_nutrition,-1.5586117408512744e-11,0.0008680035098286626,-8.674908569261675e-11,1.0257056315410296e-11,-0.004760177878968941,0.0048015316376918025,17.0,4.0,34.0,0.0,0.2,0.8,5,5,34.0
mlp__context_diet_labels,label_warnings,-1.0470877942674928e-11,0.0007327006054148554,-5.174992656620248e-11,2.90084622989184e-13,-0.0017896719128314364,0.002719274988783704,9.0,5.0,31.0,0.0,0.6,0.8,5,5,32.0
mlp__context_diet_labels,legumes,1.978913726067289e-11,0.0006695502524550616,-1.857397569082764e-12,9.909202347557766e-11,-0.0023718489926106033,0.003680733299289374,20.0,6.0,27.0,0.0,0.2,0.8,5,5,6.0
mlp__context_diet_labels,oil,-5.867904457223169e-12,-1.752501447254259e-05,-3.026123240879031e-11,1.4379553103793797e-12,-0.0026450709178515775,0.0014845167297273143,25.0,15.0,30.0,0.0,0.0,0.6,5,5,26.0
mlp__context_diet_labels,region,-5.891828920998652e-13,0.0017239176200738796,-1.0854789289638234e-11,8.042183585743601e-12,-0.0018737992063722509,0.004872321307268246,22.0,6.0,29.0,0.0,0.2,0.4,5,5,20.0
mlp__context_diet_labels,rural,3.832143065929997e-12,-0.00039398496243528186,-2.2204460492503132e-17,1.8137769064452414e-11,-0.0030339855928481763,0.00043757448378487494,27.0,17.0,34.0,0.0,0.0,0.6,5,5,17.0
mlp__context_diet_labels,rural_water_consumption,1.0599607336210686e-11,0.0006939813367387726,-8.715250743307478e-16,5.102487876662565e-11,0.00022892353585277637,0.0015982964339257277,20.0,10.0,35.0,0.0,0.2,0.6,5,5,10.0
mlp__context_diet_labels,sex,3.628683576157309e-11,0.000658363019942614,-1.982379260745404e-11,1.9794773598036385e-10,-0.005558440203845727,0.005300803708340673,12.0,4.0,37.0,0.0,0.2,0.8,5,5,4.0
mlp__context_diet_labels,smoking_status,9.445733704584613e-12,-0.0011026956173832043,-2.1649348980190553e-15,4.341915160743781e-11,-0.004840350072239441,0.003584112452295485,13.0,11.0,38.0,0.0,0.0,0.6,5,5,11.0
mlp__context_diet_labels,soda_frequency,1.3003965115877893e-11,0.0038878983427664045,7.216449660063518e-17,6.141845365625898e-11,-0.006294548397934396,0.011534212090503714,8.0,3.0,15.0,0.2,0.8,1.0,5,5,8.0
mlp__context_diet_labels,soda_glasses_daily,4.820093048370992e-11,0.004820191078256925,-1.4234391443324058e-12,2.382828823144223e-10,-0.007509049118228384,0.012838093539997741,3.0,2.0,26.0,0.6,0.6,0.8,5,5,2.0
mlp__context_diet_labels,teeth_remaining,1.7539373228890435e-11,0.005225907461166023,7.771561172376095e-17,8.424865249878622e-11,0.0013831517238279023,0.017015287988912785,7.0,2.0,16.0,0.2,0.8,1.0,5,5,7.0
mlp__context_diet_labels,vegetable_days,-6.154336550878667e-12,-0.001256316000337241,-1.8030416049086283e-11,1.942890293094024e-16,-0.003732408497536288,0.003550617182804605,25.0,2.0,36.0,0.2,0.2,0.4,5,5,29.0
mlp__context_diet_labels,vegetable_portions,3.627114992430195e-11,0.00357794957604283,-3.8968828164343e-15,1.7703210564157245e-10,-0.008621660565308309,0.029750561394521723,31.0,5.0,38.0,0.0,0.2,0.4,5,5,5.0
mlp__context_diet_labels,water,-3.750738918679082e-12,-0.002662189426833598,-1.3774958951273675e-11,3.3306690738754695e-17,-0.007076572184283125,0.0007262292923453595,32.0,15.0,36.0,0.0,0.0,0.2,5,5,23.0
mlp__context_diet_labels,wholegrain,7.488177975838154e-12,0.0019016654478581036,-2.6841528999455023e-12,3.945436199970231e-11,-0.0008282052223826497,0.005239187936158829,12.0,3.0,31.0,0.2,0.4,0.8,5,5,12.0
mlp__symptoms_diet_labels,age,-1.400112087655973e-12,0.006022291188682418,-6.915706896037932e-12,3.6037839379332584e-14,-0.011655837306704175,0.033733336099346964,32.0,1.0,41.0,0.4,0.4,0.4,5,5,42.0
mlp__symptoms_diet_labels,born_chile,3.8901182310145436e-13,0.0014510743376057243,8.104628079763643e-16,1.0645540005072007e-12,0.0006745525278824882,0.0023294729471228237,15.0,7.0,26.0,0.0,0.2,1.0,5,5,18.0
mlp__symptoms_diet_labels,dairy_frequency,-7.547773352716936e-13,0.0014770605298531096,-4.665495767497419e-12,9.62535606774395e-13,-0.0016200994525072288,0.004956555235584503,18.0,5.0,41.0,0.0,0.4,0.6,5,5,38.0
mlp__symptoms_diet_labels,dairy_type,1.6625733286907202e-13,-0.00022261095871772444,-1.4393541913904072e-12,2.240202467973518e-12,-0.003089148861062552,0.0031255741226271284,22.0,16.0,42.0,0.0,0.0,0.6,5,5,23.0
mlp__symptoms_diet_labels,dental_access,2.0214919753161166e-13,0.0029551340775876237,-1.6327439400498634e-12,2.584277236650223e-12,-0.0006349059912142963,0.012638742465184993,17.0,2.0,29.0,0.2,0.4,0.8,5,5,22.0
mlp__symptoms_diet_labels,dental_visit,1.5798988036091795e-12,0.009621861310107326,-2.3348656341681816e-12,1.0033279762566849e-11,-0.0013372475300715502,0.04084892076610909,7.0,1.0,32.0,0.2,0.8,0.8,5,5,9.0
mlp__symptoms_diet_labels,dental_visit_reason,2.7473795809833856e-12,0.0036107551720355228,-5.71014346917309e-12,1.913967873079514e-11,-0.0010542486522999272,0.010126533286475415,9.0,3.0,39.0,0.2,0.6,0.8,5,5,3.0
mlp__symptoms_diet_labels,diabetes_reported,7.415148840983326e-13,0.00024074565933697404,-1.6128764990241962e-13,3.8039515981580504e-12,-0.0003762148403109733,0.001490347916935897,25.0,13.0,28.0,0.0,0.0,0.4,5,5,14.0
mlp__symptoms_diet_labels,education,1.772160251768974e-14,0.00030354937128593696,-1.3204937143740381e-12,1.3967715872809094e-12,-0.0017735820653655087,0.0014506040378043927,27.0,13.0,44.0,0.0,0.0,0.4,5,5,26.0
mlp__symptoms_diet_labels,fish,4.727239061945401e-13,0.0011338621026522238,-4.8320791812273e-13,2.7997160145787346e-12,-0.003711000895716876,0.0070819511957250555,20.0,9.0,43.0,0.0,0.2,0.6,5,5,17.0
mlp__symptoms_diet_labels,fruit_days,7.485227274144614e-13,0.0010920310038134025,-7.382983113757291e-16,3.2778335601335583e-12,-0.0005162631546679286,0.0035884701823439614,23.0,8.0,38.0,0.0,0.2,0.6,5,5,13.0
mlp__symptoms_diet_labels,fruit_portions,-2.1217885193534732e-12,-0.0012453098188506268,-7.205885887984209e-12,1.4210854715202005e-15,-0.004949962432213839,0.0014897915896315173,34.0,19.0,43.0,0.0,0.0,0.2,5,5,43.0
mlp__symptoms_diet_labels,health_insurance,-2.2508390534784738e-13,0.0005023705228811398,-1.951933059629596e-12,8.531675366185709e-13,-0.002209600813195367,0.0025945442010500085,24.0,6.0,37.0,0.0,0.2,0.8,5,5,29.0
mlp__symptoms_diet_labels,household_water_source,-2.475950107207437e-13,-0.0007937892819453025,-8.415157459751299e-13,1.0547118733938987e-16,-0.0025423786089768586,0.000572367631542381,35.0,18.0,41.0,0.0,0.0,0.2,5,5,31.0
mlp__symptoms_diet_labels,income_band,-3.3647023030992146e-13,-0.0002831453452753132,-1.1181555681361034e-12,2.5202062658991053e-15,-0.0017778868215804322,0.0027379265751613867,27.0,8.0,34.0,0.0,0.2,0.2,5,5,32.0
mlp__symptoms_diet_labels,indigenous,-6.648974956120802e-13,-2.8468192488390908e-05,-3.0717983712236218e-12,2.531308496145357e-15,-0.0017886007238516965,0.0020536994759015716,18.0,8.0,38.0,0.0,0.2,0.4,5,5,37.0
mlp__symptoms_diet_labels,juice_frequency,-2.2594034448150726e-12,-0.0022361879953816857,-7.291250936347637e-12,-3.885780586188048e-16,-0.006978508937864026,0.003400900255679307,36.0,33.0,44.0,0.0,0.0,0.0,5,5,44.0
mlp__symptoms_diet_labels,juice_glasses_daily,-8.407869648418742e-13,0.0008931998442018506,-4.546635290481049e-12,3.606115406284971e-13,-0.0009187561501938113,0.005237484831586115,29.0,9.0,38.0,0.0,0.2,0.4,5,5,39.0
mlp__symptoms_diet_labels,label_brand,3.7807366519547245e-13,-0.0007406482334831982,-3.092581746244605e-13,2.1628199231571444e-12,-0.0014614511551546139,-0.00018192047386784705,23.0,10.0,35.0,0.0,0.2,0.4,5,5,19.0
mlp__symptoms_diet_labels,label_discounts,1.7209848480740075e-12,0.0005340525150102274,-9.325873406851315e-16,7.070694030275604e-12,-0.0018851006876905662,0.002447232915722064,32.0,3.0,39.0,0.2,0.4,0.4,5,5,8.0
mlp__symptoms_diet_labels,label_health,1.053822785025152e-12,-0.0009673696281017425,-9.82214309885876e-14,5.278127934715826e-12,-0.002508565253641981,0.0022498687595053023,15.0,11.0,43.0,0.0,0.0,0.4,5,5,12.0
mlp__symptoms_diet_labels,label_ingredients,1.5376482419059592e-12,-0.00022672039957577486,-1.1102230246251565e-16,6.468786617475075e-12,-0.0020355374494440913,0.0017889857219414828,23.0,4.0,30.0,0.0,0.2,0.6,5,5,10.0
mlp__symptoms_diet_labels,label_nutrition,1.877178312982877e-12,-0.0005665440479725033,-1.1324274851176596e-15,9.208289686313264e-12,-0.0014304707460319754,2.522646122689043e-05,14.0,8.0,39.0,0.0,0.4,0.8,5,5,6.0
mlp__symptoms_diet_labels,label_warnings,3.1293716680422775e-12,-0.0002668629439052489,-1.7130186158453853e-13,1.555111039941437e-11,-0.003162773415947906,0.004055481548679396,27.0,4.0,42.0,0.0,0.2,0.2,5,5,2.0
mlp__symptoms_diet_labels,legumes,-1.20080993679208e-12,-0.00104656712275097,-5.255745838539383e-12,3.497202527569243e-16,-0.002792575740333603,0.00011136794291237706,26.0,22.0,42.0,0.0,0.0,0.2,5,5,41.0
mlp__symptoms_diet_labels,oil,2.3577401111743027e-13,-0.00023138193333267377,-5.685285575651733e-13,1.7220391779204647e-12,-0.0020195101741286247,0.001248395762756993,24.0,19.0,41.0,0.0,0.0,0.6,5,5,20.0
mlp__symptoms_diet_labels,oral_daily_activities,-3.7127725950010005e-13,-0.00046896776320440363,-9.833078795651318e-13,1.920685832601521e-15,-0.0014619950664755744,0.0010457164197051672,23.0,14.0,36.0,0.0,0.0,0.4,5,5,34.0
mlp__symptoms_diet_labels,oral_eating,-5.594969022139673e-13,0.0019031477315256094,-3.3877234351109566e-12,5.86081183584497e-13,5.541729847112764e-05,0.0038929101340140493,14.0,4.0,35.0,0.0,0.4,0.8,5,5,36.0
mlp__symptoms_diet_labels,oral_health_selfrating,6.34299614280332e-12,0.008022650620721912,-1.0225875701763698e-11,4.125803032550834e-11,-0.00666307956757658,0.020555617177613606,3.0,1.0,44.0,0.6,0.8,0.8,5,5,1.0
mlp__symptoms_diet_labels,oral_pain,1.2726455705744691e-12,0.003427124616458541,1.6431300764452318e-15,5.954392534590625e-12,-0.0009263238801571205,0.006790616882960921,9.0,6.0,14.0,0.0,0.6,1.0,5,5,11.0
mlp__symptoms_diet_labels,oral_social,1.1327808499026535e-13,0.00019705515426546161,-1.2900236434632007e-13,6.785738637660188e-13,-0.0020858227649044546,0.0014195100595689736,12.0,10.0,27.0,0.0,0.2,0.8,5,5,25.0
mlp__symptoms_diet_labels,oral_speech,-4.398011237981566e-13,-0.001109294338114108,-2.3755331035602014e-12,1.842803687424066e-13,-0.00440964248384732,0.0009258899323367098,30.0,12.0,35.0,0.0,0.0,0.6,5,5,35.0
mlp__symptoms_diet_labels,region,1.5735238909574446e-13,0.0029951473466501943,-1.8729684470031317e-12,2.613403937701264e-12,-0.0015227470532078956,0.015777889690187896,20.0,3.0,31.0,0.2,0.2,0.8,5,5,24.0
mlp__symptoms_diet_labels,rural,-2.4715062209876934e-13,-0.0010837690774596724,-1.1381562359247255e-12,-1.4432899320127036e-16,-0.002928860271342826,-2.4269587694436547e-05,31.0,25.0,34.0,0.0,0.0,0.0,5,5,30.0
mlp__symptoms_diet_labels,rural_water_consumption,-1.7341099492659534e-13,-0.0003099553367057666,-4.5006776083766907e-13,6.661338147750939e-17,-0.001767689527458538,0.0012168844072148355,31.0,19.0,37.0,0.0,0.0,0.2,5,5,28.0
mlp__symptoms_diet_labels,sex,2.2703089856053566e-12,0.0033241294431195435,-1.703254204343807e-12,1.2826090189932415e-11,-0.0016256966189841181,0.00891516771740486,17.0,1.0,30.0,0.2,0.4,0.8,5,5,5.0
mlp__symptoms_diet_labels,smoking_status,-3.702689802704955e-13,-0.0007150598259971581,-3.439559748130705e-12,1.6398382651772181e-12,-0.0038863597247544403,0.0038441554742080553,37.0,2.0,40.0,0.2,0.2,0.4,5,5,33.0
mlp__symptoms_diet_labels,soda_frequency,-8.432614434786507e-14,0.00024722192311197835,-6.744205194308961e-12,6.247524719782404e-12,-0.0055106318857686245,0.0066763706655620595,26.0,5.0,40.0,0.0,0.2,0.6,5,5,27.0
mlp__symptoms_diet_labels,soda_glasses_daily,2.706648939855224e-12,0.001746453744538186,-8.461714662288956e-12,2.1660956361913007e-11,-0.007132306933467125,0.00818653387068553,30.0,2.0,43.0,0.2,0.4,0.4,5,5,4.0
mlp__symptoms_diet_labels,teeth_remaining,2.0606912169636506e-13,0.0033580274105152407,-5.70987701564718e-12,6.634010007999791e-12,-0.006802432641112077,0.012503162345533858,10.0,2.0,39.0,0.2,0.6,0.6,5,5,21.0
mlp__symptoms_diet_labels,vegetable_days,5.497371301289444e-13,-0.00038732453406518133,-7.458467177201555e-12,1.007364747174222e-11,-0.010838526790298019,0.0061186700811779685,19.0,6.0,42.0,0.0,0.4,0.8,5,5,16.0
mlp__symptoms_diet_labels,vegetable_portions,-8.766164187804768e-13,-0.0012699584353627039,-3.955819005696526e-12,9.769962616701378e-16,-0.0030205027126039676,0.0007676238826440418,40.0,17.0,44.0,0.0,0.0,0.2,5,5,40.0
mlp__symptoms_diet_labels,water,1.808582273265528e-12,-0.0009580385340753602,-2.020605904817785e-15,6.62386812066984e-12,-0.006190651290838023,0.002744877875875329,22.0,1.0,42.0,0.2,0.2,0.6,5,5,7.0
mlp__symptoms_diet_labels,wholegrain,5.706022280507109e-13,3.8456426280926444e-05,-1.151506667795843e-12,3.944006232714514e-12,-0.0036985344861739213,0.004297485753660712,22.0,12.0,44.0,0.0,0.0,0.6,5,5,15.0
random_forest__context_diet_labels,age,0.0036615271502017945,0.024382980060105607,-0.00013307598347476747,0.005427971337355014,-0.001255875653762728,0.034869217070842076,2.0,1.0,26.0,0.8,0.8,0.8,5,5,2.0
random_forest__context_diet_labels,born_chile,-0.00015320131041667243,-0.0010415376380570275,-0.0006403267742213503,1.1102230246251566e-17,-0.004063045220639716,0.0,20.0,18.0,35.0,0.0,0.0,0.2,5,5,30.0
random_forest__context_diet_labels,dairy_frequency,0.00013789740671584638,0.0008122746534541752,-0.0001451804410373736,0.0006750785577026186,-0.00037039666059759393,0.004365046654787164,25.0,7.0,30.0,0.0,0.2,0.4,5,5,14.0
random_forest__context_diet_labels,dairy_type,-0.00025445170389367744,-0.0020765373579666514,-0.0010581020003891661,9.467844992689933e-05,-0.01057123296388065,0.0008774522986198629,27.0,14.0,37.0,0.0,0.0,0.2,5,5,34.0
random_forest__context_diet_labels,dental_access,0.00024876303997619997,0.0006846094164644018,-0.00030377799574665134,0.0007812208054085834,-0.004565560575783101,0.0048201844397260715,11.0,6.0,32.0,0.0,0.4,0.8,5,5,11.0
random_forest__context_diet_labels,dental_visit,0.0008438107943714111,0.004637516591009391,1.9779305636907772e-05,0.0018031161175404986,-0.0014017949262599139,0.009796827946051056,7.0,4.0,13.0,0.0,0.8,1.0,5,5,5.0
random_forest__context_diet_labels,dental_visit_reason,0.0038826111044762044,0.02110441782093801,0.0031198963852155535,0.004931841020409838,0.0177231734873341,0.025056543834156297,2.0,1.0,3.0,1.0,1.0,1.0,5,5,1.0
random_forest__context_diet_labels,diabetes_reported,1.120793299354173e-05,-0.00044386842622314113,-0.0001967063400862723,0.00016248123482463518,-0.002313709346791293,0.0003786851132688396,22.0,13.0,30.0,0.0,0.0,0.4,5,5,17.0
random_forest__context_diet_labels,education,0.0005472665905077286,0.0033705305276679007,-0.00023443903524525967,0.0013975304812260502,-0.0021047015001157687,0.010158396984668272,11.0,5.0,30.0,0.0,0.4,0.8,5,5,6.0
random_forest__context_diet_labels,fish,-0.0004711349587162848,-0.0029683815749144736,-0.0012421682691752922,-8.196072799571686e-05,-0.008137970851663012,-0.00025839995217498136,35.0,33.0,38.0,0.0,0.0,0.0,5,5,38.0
random_forest__context_diet_labels,fruit_days,-0.0002743848835906313,-0.0017150184328670595,-0.00072743560029217,0.0002001688601599716,-0.005454268138089602,0.0016091461867387524,32.0,12.0,37.0,0.0,0.0,0.2,5,5,35.0
random_forest__context_diet_labels,fruit_portions,-3.6693079918433615e-05,0.000469903295748029,-0.0004949251798983423,0.00035320870145025827,-0.0021972345674088787,0.002836543260849744,15.0,8.0,36.0,0.0,0.4,0.6,5,5,20.0
random_forest__context_diet_labels,health_insurance,0.00019633175847172634,0.0012964823653150602,-5.922268034101452e-05,0.0010001908056362142,-0.0015454959178499371,0.007067344406189701,14.0,5.0,20.0,0.0,0.2,0.8,5,5,12.0
random_forest__context_diet_labels,household_water_source,-9.001922308111695e-05,-0.0005819311826624239,-0.0005620520957714037,0.0001318036129824396,-0.0034940623774037728,0.0006558749076426507,19.0,15.0,35.0,0.0,0.0,0.4,5,5,27.0
random_forest__context_diet_labels,income_band,0.00018148735306883763,0.0018563581930764847,-5.6659776764245164e-05,0.0003585930520571934,-0.000561783777143332,0.0037513666214577636,14.0,7.0,33.0,0.0,0.2,0.8,5,5,13.0
random_forest__context_diet_labels,indigenous,-6.137578516718859e-05,-0.00038961107960131425,-0.0002505845154284092,0.0,-0.0014058482788046334,0.0002397945602587992,23.0,16.0,28.0,0.0,0.0,0.0,5,5,24.0
random_forest__context_diet_labels,juice_frequency,-0.00016872224007519903,-0.0008797207108865373,-0.0010629873667863776,0.00034750051295794895,-0.00692921371199795,0.00155797272758047,24.0,10.0,38.0,0.0,0.2,0.4,5,5,31.0
random_forest__context_diet_labels,juice_glasses_daily,-4.659980488445814e-05,0.0001331527600305212,-0.0002728921589245925,0.0001325764933422513,-0.0012944542032567786,0.0026243896790840273,26.0,11.0,29.0,0.0,0.0,0.2,5,5,22.0
random_forest__context_diet_labels,label_brand,-0.00024038873313673967,-0.0011524143479099283,-0.001160611735640449,0.000545042139121521,-0.005523858868484721,0.003421612632074944,26.0,8.0,38.0,0.0,0.2,0.4,5,5,33.0
random_forest__context_diet_labels,label_discounts,-0.00010383216701237072,-0.000497763867238719,-0.00032736091567808214,2.3875430051800707e-05,-0.0019158475087416305,0.0005796232925376454,21.0,15.0,33.0,0.0,0.0,0.4,5,5,28.0
random_forest__context_diet_labels,label_health,-0.0002864944217230566,-0.0010496396660241347,-0.0010131528719140082,-2.325205028205768e-05,-0.004202267859751352,0.0009215856570809145,29.0,21.0,36.0,0.0,0.0,0.0,5,5,36.0
random_forest__context_diet_labels,label_ingredients,-4.230096069295091e-05,-0.0008700218942284896,-0.0006592309064427871,0.0004671052193254144,-0.004533773574836308,0.0020991453754940935,29.0,9.0,38.0,0.0,0.2,0.4,5,5,21.0
random_forest__context_diet_labels,label_nutrition,-0.0002399261469189297,-0.0013304505717139474,-0.0010777679636272074,0.00013704681154190767,-0.0035710752253770737,0.00031200764694119256,25.0,16.0,37.0,0.0,0.0,0.4,5,5,32.0
random_forest__context_diet_labels,label_warnings,-0.0003120375818077095,-0.002972659185833488,-0.0004021563847253995,-0.00017966257203090862,-0.006222974361974276,-0.001119023840240474,33.0,25.0,37.0,0.0,0.0,0.0,5,5,37.0
random_forest__context_diet_labels,legumes,1.1751417408035715e-05,0.00026581743356188074,-0.000532172697679939,0.0003123415801857488,-0.0029957389734458495,0.0026651142838304944,16.0,8.0,34.0,0.0,0.2,0.6,5,5,16.0
random_forest__context_diet_labels,oil,-6.1895294622142e-05,-0.0005661075751269316,-0.0002304828394670888,0.0,-0.0016698469168598517,0.0002550076781965505,20.0,18.0,28.0,0.0,0.0,0.0,5,5,25.0
random_forest__context_diet_labels,region,0.00034037610424218274,0.002970253205652279,-0.0002651677514037276,0.001055112783925355,-0.0006956569067743778,0.007805171569718228,13.0,4.0,35.0,0.0,0.4,0.6,5,5,9.0
random_forest__context_diet_labels,rural,-3.009868531805663e-05,-0.00015002000624241124,-0.0001977288284250811,0.0002077550801903083,-0.0011912724667846985,0.0016569469487671463,25.0,14.0,28.0,0.0,0.0,0.2,5,5,19.0
random_forest__context_diet_labels,rural_water_consumption,6.558041483920368e-05,0.0005662102632115122,0.0,0.00024088602759717026,0.0,0.0016256336671034433,19.0,12.0,20.0,0.0,0.0,0.6,5,5,15.0
random_forest__context_diet_labels,sex,0.001255798619060091,0.006697756087087094,-0.00028107007006250573,0.002187873689666481,-0.003597969813068458,0.011556948577140468,4.0,2.0,30.0,0.2,0.8,0.8,5,5,4.0
random_forest__context_diet_labels,smoking_status,0.0004438059824835043,0.002842888444876557,0.0002722844859972262,0.0007111529059912359,-0.00016075394815915356,0.006259176925387933,9.0,5.0,12.0,0.0,0.8,1.0,5,5,7.0
random_forest__context_diet_labels,soda_frequency,-2.148230636519303e-06,0.0006239338490381146,-0.0005663684579968464,0.0009917164805106683,-0.00409569073252356,0.008935070518950905,32.0,8.0,38.0,0.0,0.2,0.2,5,5,18.0
random_forest__context_diet_labels,soda_glasses_daily,0.0002753365094126414,0.002856028023326329,-0.000928982595391703,0.0008365086673456756,-0.006776618983432669,0.008531267838635425,9.0,5.0,36.0,0.0,0.6,0.8,5,5,10.0
random_forest__context_diet_labels,teeth_remaining,0.003137173648865062,0.019504063096867277,0.0013049576715331468,0.00491337031958482,0.008229990061659476,0.04594000823026263,3.0,1.0,3.0,1.0,1.0,1.0,5,5,3.0
random_forest__context_diet_labels,vegetable_days,-7.829865953395055e-05,-0.0013559843849926998,-0.0004172406600030265,0.00019670928397695907,-0.005225514467661707,0.001174147255411806,20.0,10.0,36.0,0.0,0.2,0.6,5,5,26.0
random_forest__context_diet_labels,vegetable_portions,-0.00013898787309035685,-0.000928518032858754,-0.00038744134086169947,2.0616887977448205e-05,-0.0024274307813610283,0.00012089490434872286,24.0,18.0,30.0,0.0,0.0,0.2,5,5,29.0
random_forest__context_diet_labels,water,-5.736842596725022e-05,-0.0007228078239063327,-0.0003373102013690843,0.000210730930612979,-0.001959299395184222,0.00031266224396742093,29.0,17.0,34.0,0.0,0.0,0.2,5,5,23.0
random_forest__context_diet_labels,wholegrain,0.0004118253476962532,0.0021281315137219275,-0.0001401930581997446,0.0013016805994125913,-0.0004074861818866182,0.00804139703498179,10.0,6.0,33.0,0.0,0.8,0.8,5,5,8.0
random_forest__symptoms_diet_labels,age,0.0030158742805966392,0.01488648877497917,-0.00029873548891353743,0.0052486875723147695,-0.004230646532668891,0.029948408469851827,2.0,2.0,40.0,0.8,0.8,0.8,5,5,2.0
random_forest__symptoms_diet_labels,born_chile,-0.0001115737766588767,-0.0007009444227865639,-0.00037979788297382575,3.9473399308820324e-06,-0.0026663671876555827,5.607483850016415e-05,30.0,23.0,34.0,0.0,0.0,0.2,5,5,38.0
random_forest__symptoms_diet_labels,dairy_frequency,4.118086674798443e-06,-0.00036616327562620385,-0.00024781673981830177,0.00040476454426677244,-0.002513670921795663,0.0021008467202928705,31.0,14.0,35.0,0.0,0.0,0.4,5,5,25.0
random_forest__symptoms_diet_labels,dairy_type,0.0002506077787345794,0.0011937287922025698,-0.0004022024972013316,0.0014749918440650155,-0.0035957808887210783,0.00930632237530744,21.0,5.0,41.0,0.0,0.2,0.6,5,5,13.0
random_forest__symptoms_diet_labels,dental_access,0.0005861869233384349,0.0023354537125244296,0.00018494519915260855,0.0011922163722786038,0.00036514305865682496,0.005482314157543189,9.0,5.0,16.0,0.0,0.8,1.0,5,5,6.0
random_forest__symptoms_diet_labels,dental_visit,0.000415115335044934,0.0002942304063011097,-0.00013407843135162522,0.0009878983679376119,-0.006118891382579794,0.006324136914770917,12.0,6.0,36.0,0.0,0.2,0.8,5,5,8.0
random_forest__symptoms_diet_labels,dental_visit_reason,0.0025846153914713603,0.013934716497835035,0.0016168528328928567,0.003921742478428208,0.00979027977188487,0.018378330874398864,3.0,2.0,4.0,0.8,1.0,1.0,5,5,3.0
random_forest__symptoms_diet_labels,diabetes_reported,1.770401630687144e-05,5.153987488710623e-06,-0.0003709970199116452,0.00013332373082428073,-0.0015083431448494667,0.0014835650064240146,22.0,15.0,37.0,0.0,0.0,0.8,5,5,24.0
random_forest__symptoms_diet_labels,education,0.0004119591507849354,0.0012977959137719763,8.91970166770506e-05,0.0006685540001412415,-0.0008459814340694205,0.0031712678316091923,10.0,10.0,20.0,0.0,0.6,1.0,5,5,9.0
random_forest__symptoms_diet_labels,fish,-0.00028940123328724163,-0.0017471730025368612,-0.0015101379043871987,0.0002146496796549935,-0.0085430405363218,0.000869917253441832,39.0,13.0,44.0,0.0,0.0,0.4,5,5,42.0
random_forest__symptoms_diet_labels,fruit_days,-0.0003966855765100075,-0.002154605527501816,-0.0008230581312092256,-4.027066541755775e-05,-0.005915880308081212,0.0005901990182555217,40.0,31.0,43.0,0.0,0.0,0.0,5,5,44.0
random_forest__symptoms_diet_labels,fruit_portions,4.881279997326642e-05,5.0264643847980734e-05,-0.0005797322179387665,0.0004788376769277791,-0.00382614942224162,0.0025044590083218355,13.0,8.0,44.0,0.0,0.2,0.6,5,5,20.0
random_forest__symptoms_diet_labels,health_insurance,0.0004438491066904351,0.0017287900347456127,-0.00012360767732031986,0.001236836183923984,-0.001988451316372908,0.005754146784255676,10.0,4.0,37.0,0.0,0.6,0.8,5,5,7.0
random_forest__symptoms_diet_labels,household_water_source,-9.759772230345216e-05,-0.0005848898519673134,-0.0005066609737525984,4.0355615382497986e-05,-0.002961155758752487,0.0001700199699936622,26.0,23.0,38.0,0.0,0.0,0.4,5,5,36.0
random_forest__symptoms_diet_labels,income_band,0.00016023778317244641,0.00042944373881501687,4.123750076713284e-05,0.000289132376291501,-0.001112793369189169,0.001558454354577199,18.0,15.0,22.0,0.0,0.0,1.0,5,5,15.0
random_forest__symptoms_diet_labels,indigenous,-1.4012355942882478e-06,7.814333828575592e-05,-0.00013520872150850073,0.00011421272357121648,-0.0012137575177899374,0.0010622210633224993,27.0,19.0,29.0,0.0,0.0,0.4,5,5,27.0
random_forest__symptoms_diet_labels,juice_frequency,-2.493912199506436e-06,-0.0005226595118648784,-0.001126326785080689,0.00038033181925899997,-0.008458298381166029,0.0032623018310191433,17.0,13.0,44.0,0.0,0.0,0.8,5,5,28.0
random_forest__symptoms_diet_labels,juice_glasses_daily,4.714478693126574e-05,-0.0006255391736767329,-0.0009024975517306077,0.0003924697125719967,-0.005169575684427219,0.0017008631051797173,17.0,9.0,43.0,0.0,0.2,0.8,5,5,21.0
random_forest__symptoms_diet_labels,label_brand,-1.6314490648241982e-05,-0.0008910954776507569,-0.0008029970599409797,0.0005269645682351165,-0.008596030239684537,0.0021199188647360147,17.0,9.0,42.0,0.0,0.2,0.6,5,5,30.0
random_forest__symptoms_diet_labels,label_discounts,-0.0001385787548198009,-0.0006060704589672136,-0.0006706676304120806,0.0002202233734241832,-0.003221486818770103,0.0012797964526440441,34.0,12.0,40.0,0.0,0.0,0.4,5,5,39.0
random_forest__symptoms_diet_labels,label_health,-0.0003133262076298561,-0.002110804298635963,-0.000752292763842538,6.995568579525324e-05,-0.00651526870468031,0.001021127092425056,39.0,23.0,42.0,0.0,0.0,0.2,5,5,43.0
random_forest__symptoms_diet_labels,label_ingredients,-0.00018064556419580846,-0.0024444878512562876,-0.0005060424131362706,0.00025237005708730886,-0.004901086535110321,7.763347323752612e-05,37.0,20.0,43.0,0.0,0.0,0.4,5,5,40.0
random_forest__symptoms_diet_labels,label_nutrition,-6.608051627684016e-05,-0.0003506435446536128,-0.000585770974489097,0.00027804326423164216,-0.0024169603923003048,0.0015510734623773504,23.0,14.0,39.0,0.0,0.0,0.6,5,5,35.0
random_forest__symptoms_diet_labels,label_warnings,-0.0002656148718021159,-0.003605759330928988,-0.0009118736639559144,0.00014479520171578053,-0.006526101552966313,-0.0007848235802073056,33.0,14.0,44.0,0.0,0.0,0.2,5,5,41.0
random_forest__symptoms_diet_labels,legumes,5.502619414901705e-05,0.0005177344773511305,-0.0004908198976142031,0.0004694323514384535,-0.0019153713769267887,0.0031056616771386603,21.0,7.0,41.0,0.0,0.2,0.6,5,5,19.0
random_forest__symptoms_diet_labels,oil,-4.0767113748598175e-06,0.00018443850271700362,-2.7025736838909298e-05,3.903252377037148e-05,-6.686143700813662e-05,0.00065974160571316,26.0,23.0,30.0,0.0,0.0,0.2,5,5,29.0
random_forest__symptoms_diet_labels,oral_daily_activities,-2.0126826206435776e-05,-0.00010145461443740553,-0.0002691588172731185,9.722125015244609e-05,-0.001591770034083373,0.000924723546364925,24.0,22.0,35.0,0.0,0.0,0.6,5,5,31.0
random_forest__symptoms_diet_labels,oral_eating,0.00026125357739975624,0.0012663339222164069,-8.8593321573599e-05,0.000981262948349354,-0.0005948915256072995,0.006119586163643187,20.0,5.0,32.0,0.0,0.2,0.8,5,5,11.0
random_forest__symptoms_diet_labels,oral_health_selfrating,0.0068811236094534975,0.04265264080746678,0.006251747825482346,0.007639198144841158,0.035703717632832865,0.046945324768920924,1.0,1.0,1.0,1.0,1.0,1.0,5,5,1.0
random_forest__symptoms_diet_labels,oral_pain,0.00017549381682996896,-8.533921316435996e-05,-0.00036052557657668125,0.001206352909021574,-0.00284843013500542,0.002708793603529136,29.0,5.0,41.0,0.0,0.4,0.4,5,5,14.0
random_forest__symptoms_diet_labels,oral_social,2.4738520067016368e-05,-0.0003009171117778921,-2.1297690223592846e-05,0.0001435682553773021,-0.0006738368917724502,-0.00011042444692737075,28.0,23.0,31.0,0.0,0.0,0.4,5,5,23.0
random_forest__symptoms_diet_labels,oral_speech,-0.0001037364163567784,-0.0006798303126607647,-0.00035091496097310325,6.83168288923064e-05,-0.0022691516747964657,0.0012551433911638598,30.0,21.0,36.0,0.0,0.0,0.4,5,5,37.0
random_forest__symptoms_diet_labels,region,0.0002511473869140509,0.0011218092742395834,-0.0002781836666121473,0.0006716483709692633,-0.0033660803400524576,0.006220196973819592,12.0,6.0,32.0,0.0,0.4,0.6,5,5,12.0
random_forest__symptoms_diet_labels,rural,-5.7037915848064944e-05,-0.0005589517800772119,-0.0004348320362955904,0.00018306873523844526,-0.003041936295954417,0.0013397332109378545,33.0,14.0,35.0,0.0,0.0,0.4,5,5,33.0
random_forest__symptoms_diet_labels,rural_water_consumption,0.00013101590080985494,0.000583722699363884,-5.5518281725952525e-06,0.0003349228568523932,2.2274173623326732e-05,0.0014914881423487847,21.0,16.0,27.0,0.0,0.0,0.8,5,5,18.0
random_forest__symptoms_diet_labels,sex,0.0010446448803334261,0.004908711864180612,0.00026379993795385136,0.0021159171640357357,0.0004805234158518079,0.010785183150271816,6.0,3.0,21.0,0.2,0.8,1.0,5,5,5.0
random_forest__symptoms_diet_labels,smoking_status,0.0002951709459972946,0.0011092364837509863,-0.0002026794751608607,0.0009063622191924136,-0.005074609021398779,0.004851764696569738,16.0,7.0,39.0,0.0,0.4,0.8,5,5,10.0
random_forest__symptoms_diet_labels,soda_frequency,-4.9467288108423504e-05,-0.000850324344118735,-0.000675395775694565,0.0008263903327335953,-0.0053771315454974825,0.006219503565214879,36.0,8.0,43.0,0.0,0.2,0.2,5,5,32.0
random_forest__symptoms_diet_labels,soda_glasses_daily,4.551548567003808e-05,-4.418355654245126e-05,-0.00040292905700671787,0.0008112614427874809,-0.004174898839453012,0.003364656344346839,36.0,9.0,42.0,0.0,0.2,0.4,5,5,22.0
random_forest__symptoms_diet_labels,teeth_remaining,0.0018384768207979128,0.008933885881084746,0.0009339932180814526,0.0029198799283505273,0.0037613158176332817,0.012938977181092447,4.0,3.0,7.0,0.2,1.0,1.0,5,5,4.0
random_forest__symptoms_diet_labels,vegetable_days,0.00013990890748835308,0.0003488213059982917,-0.0003687110982656172,0.0003931744434236273,-0.00271075950813493,0.0022270117803902868,18.0,11.0,33.0,0.0,0.0,0.8,5,5,17.0
random_forest__symptoms_diet_labels,vegetable_portions,-5.916443764498165e-05,-0.00023130930874336108,-0.000214707594529584,0.0002733214116562799,-0.0011459273318017882,0.0007807849021772117,33.0,18.0,41.0,0.0,0.0,0.2,5,5,34.0
random_forest__symptoms_diet_labels,water,2.2586785281791184e-06,-5.1823453506027824e-05,-0.0002021509576680458,0.0004920589308320567,-0.0015876669186880132,0.0031925717012826873,29.0,8.0,37.0,0.0,0.2,0.2,5,5,26.0
random_forest__symptoms_diet_labels,wholegrain,0.00015333538848471813,4.424473240543269e-05,-0.0003465684604247843,0.0005375499601891154,-0.003935011296637136,0.0033305194330881527,12.0,8.0,44.0,0.0,0.2,0.6,5,5,16.0
spline_logistic__context_diet_labels,age,0.005744713038290849,0.041432623080379746,-0.0003506264832288497,0.01041573131210669,0.003086679993576902,0.07653576406809695,1.0,1.0,28.0,0.8,0.8,0.8,5,5,1.0
spline_logistic__context_diet_labels,born_chile,-5.8844457648856265e-05,-0.00031617361603004956,-9.604512297852751e-05,-2.1653388117881534e-05,-0.0007460578332978196,-0.0001363161878354724,26.0,23.0,33.0,0.0,0.0,0.0,5,5,27.0
spline_logistic__context_diet_labels,dairy_frequency,4.414352376497549e-05,1.2382378976779055e-05,-0.00012726816810508247,0.00022333888072643138,-0.001415193954725602,0.0012131468419382507,19.0,11.0,36.0,0.0,0.0,0.6,5,5,19.0
spline_logistic__context_diet_labels,dairy_type,-7.159355787437416e-05,-0.0011831143460919028,-0.0005729854840311299,0.00026556131844806543,-0.00749177011920934,0.001090754253829318,23.0,15.0,37.0,0.0,0.0,0.4,5,5,29.0
spline_logistic__context_diet_labels,dental_access,6.878551292418122e-05,0.000194318851506917,-0.0007900030427427318,0.0006497400479469895,-0.0030602366416094596,0.004765122976608027,16.0,6.0,34.0,0.0,0.4,0.8,5,5,17.0
spline_logistic__context_diet_labels,dental_visit,0.0006104284416507074,0.004072194697888939,0.000406081255163443,0.0009110177348858106,0.0002600075778568467,0.005763885544619929,5.0,4.0,13.0,0.0,0.8,1.0,5,5,7.0
spline_logistic__context_diet_labels,dental_visit_reason,0.0020398673734104496,0.010926280717803306,0.0008668707204410708,0.0041281493047927,0.006512635140995182,0.017444860643812298,3.0,1.0,3.0,1.0,1.0,1.0,5,5,3.0
spline_logistic__context_diet_labels,diabetes_reported,0.00013347560137485433,0.000745925917679762,-7.408502711441777e-05,0.0005395489238006091,-0.0008132312561066612,0.0021127628805149845,17.0,10.0,28.0,0.0,0.2,0.6,5,5,13.0
spline_logistic__context_diet_labels,education,0.00023264868866550628,0.0022548208513044257,0.00011378278344838511,0.00038032926267710375,0.0012243707872080511,0.004098628585168273,14.0,6.0,17.0,0.0,0.4,1.0,5,5,10.0
spline_logistic__context_diet_labels,fish,-0.0003956443291677922,-0.0027694777909387518,-0.0006176316572802987,-8.905390623665798e-05,-0.0059153522412448865,-0.0005081245165111659,34.0,31.0,38.0,0.0,0.0,0.0,5,5,37.0
spline_logistic__context_diet_labels,fruit_days,-0.00016818579723261462,-0.0014405551856588635,-0.0004397058216139893,0.00017649797609927686,-0.003553174770165657,0.0005640816724265419,33.0,13.0,35.0,0.0,0.0,0.2,5,5,33.0
spline_logistic__context_diet_labels,fruit_portions,-0.00013242269284900805,0.00018700983265879375,-0.0015109270497553784,0.0005469159519720102,-0.004396135840577142,0.004274326492362745,11.0,8.0,38.0,0.0,0.4,0.6,5,5,31.0
spline_logistic__context_diet_labels,health_insurance,-5.192979100160146e-05,-0.0004521565178397799,-0.0002206709540059859,5.57398461457137e-05,-0.0009852260694702465,0.00043688691613794626,25.0,17.0,29.0,0.0,0.0,0.4,5,5,25.0
spline_logistic__context_diet_labels,household_water_source,1.8999629918347825e-05,-6.372268730477512e-05,-0.00014206473480763427,0.0002395659911031245,-0.00082955611283686,0.00079920041198418,27.0,15.0,31.0,0.0,0.0,0.6,5,5,20.0
spline_logistic__context_diet_labels,income_band,0.00028227079906461183,0.001953536541500009,2.3839211357656874e-05,0.0004942789265492242,0.000878077812447664,0.002568454875619364,13.0,4.0,19.0,0.0,0.4,1.0,5,5,9.0
spline_logistic__context_diet_labels,indigenous,7.181935666532539e-06,1.3241652355283287e-05,-5.185304718277606e-05,4.461783731558588e-05,-0.0007888688101739483,0.0005122655272179922,21.0,18.0,25.0,0.0,0.0,0.6,5,5,22.0
spline_logistic__context_diet_labels,juice_frequency,-0.00014529841323996702,-0.0007781417495454846,-0.0006830982524194506,3.961915990968734e-05,-0.004304669059133626,0.0006045529886458568,23.0,19.0,33.0,0.0,0.0,0.6,5,5,32.0
spline_logistic__context_diet_labels,juice_glasses_daily,0.0006220414568454865,0.002665420638748053,0.00015359613908559887,0.0017728722477427683,0.0008677255413273687,0.0050150836458418445,9.0,4.0,14.0,0.0,0.8,1.0,5,5,6.0
spline_logistic__context_diet_labels,label_brand,-9.762211164472784e-05,-0.0013886226331958867,-0.0004114405526277953,0.00023410734462136484,-0.0035994894308152723,0.0006530099444836734,27.0,11.0,38.0,0.0,0.0,0.2,5,5,30.0
spline_logistic__context_diet_labels,label_discounts,-0.00020033778998533082,-0.0005423753171093677,-0.0008703923237454392,9.112241285339496e-05,-0.00213523339294206,0.00013809753202562725,26.0,15.0,35.0,0.0,0.0,0.6,5,5,35.0
spline_logistic__context_diet_labels,label_health,8.650251877091749e-05,-0.000812014304235027,-0.00020094677865378774,0.0008844582684460145,-0.0031668674623667624,0.00117372778649254,32.0,7.0,32.0,0.0,0.2,0.2,5,5,16.0
spline_logistic__context_diet_labels,label_ingredients,-0.0003288018559424528,-0.0022511971074371975,-0.0013398011664132014,3.056029911787661e-05,-0.005520644551761045,-9.098104081468605e-05,30.0,22.0,37.0,0.0,0.0,0.2,5,5,36.0
spline_logistic__context_diet_labels,label_nutrition,-6.974798876910817e-05,-0.0006577450635959029,-0.0006437739830847666,0.00018133476023308727,-0.0016751724023553293,0.0005216286564165174,18.0,12.0,32.0,0.0,0.0,0.6,5,5,28.0
spline_logistic__context_diet_labels,label_warnings,0.0003686906037155459,-0.00020900544624186457,-0.0001944729064547457,0.0016420920041025245,-0.0015281228244935275,0.003775345190033996,18.0,5.0,34.0,0.0,0.4,0.6,5,5,8.0
spline_logistic__context_diet_labels,legumes,0.0001095740911730094,0.00035217203138098265,-0.00017445858622599508,0.0005003190577200778,-0.0011306041260376932,0.0019098114728383297,19.0,12.0,34.0,0.0,0.0,0.8,5,5,15.0
spline_logistic__context_diet_labels,oil,-1.0537015858015094e-05,-1.2589834840999306e-06,-5.959245833472848e-05,2.4018658032493034e-05,-0.0003886606843113816,0.000254875628787099,23.0,19.0,29.0,0.0,0.0,0.2,5,5,24.0
spline_logistic__context_diet_labels,region,0.0006288117600065725,0.003147961357526361,0.00023855200370736517,0.00180719307057966,0.0014283658512041831,0.008103717966519652,8.0,3.0,12.0,0.2,0.8,1.0,5,5,5.0
spline_logistic__context_diet_labels,rural,-9.016339300368946e-06,-0.00014555941606647304,-3.835552253315666e-05,2.3541172894220307e-05,-0.0007249802675288741,0.0005609013564044751,24.0,17.0,29.0,0.0,0.0,0.4,5,5,23.0
spline_logistic__context_diet_labels,rural_water_consumption,-5.6380531714205914e-05,-0.00027019133564785877,-0.00022226445312418242,-1.3400238141059173e-06,-0.00055172763628768,1.5242314549412939e-06,24.0,22.0,30.0,0.0,0.0,0.0,5,5,26.0
spline_logistic__context_diet_labels,sex,0.0007220550361983786,0.003759426777113259,0.00017138052524615644,0.0015490580553672861,-0.0008493316760973313,0.0064481081793714475,6.0,4.0,14.0,0.0,0.6,1.0,5,5,4.0
spline_logistic__context_diet_labels,smoking_status,1.3727834740210348e-05,-0.0006005346261151712,-0.0001183687307784842,0.0001255379197337203,-0.00138675186590429,-0.00012716525859972626,20.0,16.0,37.0,0.0,0.0,0.8,5,5,21.0
spline_logistic__context_diet_labels,soda_frequency,0.00011041474848460401,0.0013665397630686844,-0.0008409934298300448,0.000562222199461182,-0.0035420151894906883,0.004132678674521583,9.0,7.0,38.0,0.0,0.6,0.8,5,5,14.0
spline_logistic__context_diet_labels,soda_glasses_daily,0.00022447621175739312,0.0010870600833711166,-0.00043347907174712264,0.0007837416848385847,-0.003468811950648254,0.00461039764993938,14.0,4.0,36.0,0.0,0.4,0.6,5,5,12.0
spline_logistic__context_diet_labels,teeth_remaining,0.0038717479024860764,0.026673308124733376,0.0028934492067199504,0.005284326614864126,0.02142215943771768,0.03498394712909432,2.0,2.0,2.0,1.0,1.0,1.0,5,5,2.0
spline_logistic__context_diet_labels,vegetable_days,0.00023057341955821548,0.0010583338530098586,-0.00042671293401336794,0.0006134126668736583,-0.0018795241142678832,0.0034864214007914287,10.0,8.0,36.0,0.0,0.8,0.8,5,5,11.0
spline_logistic__context_diet_labels,vegetable_portions,-0.00017788604340030092,-9.458543920827093e-05,-0.0010462855670623384,0.0005190000037594011,-0.0019217629063423836,0.002337715630454218,30.0,11.0,38.0,0.0,0.0,0.4,5,5,34.0
spline_logistic__context_diet_labels,water,-0.0004149170341185005,-0.0025184084350854266,-0.0011820795929030903,5.074589181672251e-05,-0.0064507578816986435,0.00014502866567271954,36.0,20.0,37.0,0.0,0.0,0.4,5,5,38.0
spline_logistic__context_diet_labels,wholegrain,4.709658675299993e-05,-4.9896092454628885e-05,-0.00029987362369517936,0.00019530953413032792,-0.0032682056876786937,0.002030903163966613,17.0,12.0,35.0,0.0,0.0,0.8,5,5,18.0
spline_logistic__symptoms_diet_labels,age,0.005709291395890466,0.03093092118190227,-0.00032381037129020074,0.01149236832578352,0.0021718819019092006,0.047119713739172855,1.0,1.0,34.0,0.8,0.8,0.8,5,5,1.0
spline_logistic__symptoms_diet_labels,born_chile,-0.00010194037560390531,-0.0004590021845805475,-0.00030442290435317985,-1.6680543606362174e-05,-0.0009564356438230171,-6.726698282606413e-05,33.0,27.0,36.0,0.0,0.0,0.0,5,5,32.0
spline_logistic__symptoms_diet_labels,dairy_frequency,9.475003482164492e-05,8.09442126325701e-05,-0.000160798439471449,0.0005793283505130919,-0.0014759395812264041,0.0015379884888429229,20.0,12.0,43.0,0.0,0.0,0.6,5,5,20.0
spline_logistic__symptoms_diet_labels,dairy_type,-0.0001396855433518436,-0.0010493141991754198,-0.0005702746474292753,0.00024766620259364933,-0.0063527965232137,0.000808460305148162,26.0,15.0,43.0,0.0,0.0,0.4,5,5,38.0
spline_logistic__symptoms_diet_labels,dental_access,-2.4404633364099952e-05,-0.000308094631104277,-0.0006814064806034026,0.0006450640358464765,-0.005109692631332452,0.004967156441090937,19.0,7.0,38.0,0.0,0.4,0.6,5,5,28.0
spline_logistic__symptoms_diet_labels,dental_visit,0.0005730400707734071,0.002759922996615355,0.0003053735516551248,0.0008500808651014047,2.8880757198890274e-05,0.006295469348513594,9.0,6.0,18.0,0.0,0.8,1.0,5,5,8.0
spline_logistic__symptoms_diet_labels,dental_visit_reason,0.0018717079433223306,0.009525749308952376,0.0011089145295194558,0.0031459147926342023,0.003938016274594602,0.012042115962608468,4.0,2.0,5.0,0.2,1.0,1.0,5,5,4.0
spline_logistic__symptoms_diet_labels,diabetes_reported,0.00017111031203043944,0.0009263596056617534,-7.552828212475937e-05,0.0005211448393880658,-0.0004738832652992464,0.0021721421085311166,20.0,13.0,34.0,0.0,0.0,0.6,5,5,15.0
spline_logistic__symptoms_diet_labels,education,0.00024312628557264984,0.001017528312737901,0.00019564652822935956,0.00032220874563623216,0.00028679838363834256,0.002381312644463751,16.0,11.0,20.0,0.0,0.0,1.0,5,5,12.0
spline_logistic__symptoms_diet_labels,fish,-0.0006571847829672598,-0.0032131965570022505,-0.0012668055801510814,-0.00010015635650485466,-0.005037094577786205,-0.0008871083231664301,43.0,39.0,44.0,0.0,0.0,0.0,5,5,44.0
spline_logistic__symptoms_diet_labels,fruit_days,-0.00012938199784567157,-0.0007861939684045022,-0.0005632687625357124,0.00015396497067203806,-0.0020153600854262875,0.00037898839738523813,38.0,15.0,40.0,0.0,0.0,0.4,5,5,36.0
spline_logistic__symptoms_diet_labels,fruit_portions,-8.784751004319515e-05,0.000581292380330653,-0.0014740723928387046,0.0005378821139258583,-0.0035533374702188423,0.004157255262063342,14.0,10.0,44.0,0.0,0.2,0.6,5,5,31.0
spline_logistic__symptoms_diet_labels,health_insurance,-0.00011917570579153082,-0.0004280539653430267,-0.00034552245882532584,5.5351946226323e-05,-0.0022893379330164,0.0009316905053516455,30.0,19.0,36.0,0.0,0.0,0.4,5,5,33.0
spline_logistic__symptoms_diet_labels,household_water_source,-0.00015261059590715,-0.0005971159519149067,-0.000975557420002321,0.0002465015094838985,-0.0032636316177686365,0.0008979261739912259,28.0,19.0,41.0,0.0,0.0,0.6,5,5,40.0
spline_logistic__symptoms_diet_labels,income_band,0.000242147451948596,0.001325324524074927,-0.00029578338627864187,0.00045736835088662774,0.00017503054422349785,0.002572815445032073,14.0,6.0,33.0,0.0,0.4,0.8,5,5,13.0
spline_logistic__symptoms_diet_labels,indigenous,-2.2768199211337966e-06,-4.1542292739349196e-05,-4.3521228513870856e-05,3.9398847697819096e-05,-0.0005478670763489069,0.0003520484502930188,27.0,21.0,30.0,0.0,0.0,0.6,5,5,25.0
spline_logistic__symptoms_diet_labels,juice_frequency,1.0725771148664049e-05,-0.0005385563149471294,-0.0005335012956917906,0.0005231727142625431,-0.0033318987421023126,0.0007099713566167454,23.0,13.0,37.0,0.0,0.0,0.8,5,5,24.0
spline_logistic__symptoms_diet_labels,juice_glasses_daily,0.0006686147089360236,0.002309647546928747,0.00014928681836230419,0.0014556455922926982,0.0008869029633315817,0.004725172640062158,8.0,7.0,16.0,0.0,0.6,1.0,5,5,7.0
spline_logistic__symptoms_diet_labels,label_brand,-0.00012359401169725757,-0.0009208142218841059,-0.0003829615079922466,0.00024242256917552662,-0.002370903908410771,0.0013789719355408625,32.0,12.0,42.0,0.0,0.0,0.2,5,5,35.0
spline_logistic__symptoms_diet_labels,label_discounts,-0.0001396156222523054,-0.0007887331405125875,-0.0006832601962674378,7.888404490239421e-05,-0.00253226117804668,0.0004476333369580976,30.0,17.0,40.0,0.0,0.0,0.4,5,5,37.0
spline_logistic__symptoms_diet_labels,label_health,-4.03813690235025e-05,-0.0007889010973770746,-0.0008642026312331186,0.0009351890339219127,-0.0045815606125200635,0.0034195428168029675,37.0,9.0,40.0,0.0,0.2,0.4,5,5,29.0
spline_logistic__symptoms_diet_labels,label_ingredients,-0.00033452956821298157,-0.001393926757481318,-0.0012039292740446128,2.3062978427673687e-05,-0.003784003785839052,-6.365126115044361e-05,34.0,24.0,42.0,0.0,0.0,0.2,5,5,42.0
spline_logistic__symptoms_diet_labels,label_nutrition,-0.00012344310191636924,-0.00024162822121756136,-0.0006590152230277369,0.00018066505914690056,-0.0018242981463916896,0.0008148534209741154,20.0,14.0,39.0,0.0,0.0,0.6,5,5,34.0
spline_logistic__symptoms_diet_labels,label_warnings,0.0005078103166862057,0.00048133867226632225,-0.00018273017534216617,0.0016602503620761933,-0.0024438508948212644,0.003580803006960065,10.0,6.0,40.0,0.0,0.6,0.6,5,5,10.0
spline_logistic__symptoms_diet_labels,legumes,0.0001370087518528016,0.00036796561403342224,-0.00015646162726037915,0.00047705872746485744,-0.0005593428083755736,0.001294431454204248,21.0,14.0,38.0,0.0,0.0,0.8,5,5,18.0
spline_logistic__symptoms_diet_labels,oil,5.525707430277629e-05,0.0003172425837213519,-7.399758614108909e-05,0.0003604316414780373,-0.0004642728820507758,0.0015336713022828352,28.0,16.0,31.0,0.0,0.0,0.4,5,5,21.0
spline_logistic__symptoms_diet_labels,oral_daily_activities,4.9152019949257164e-05,4.289710631284655e-05,-9.885833676648304e-06,0.00013293522982680273,-0.00031439353129860683,0.00038244122983912556,25.0,22.0,34.0,0.0,0.0,0.8,5,5,22.0
spline_logistic__symptoms_diet_labels,oral_eating,0.0005695895957025573,0.002314959873652703,0.00015149356578542661,0.0019278515881215486,6.195579967283038e-06,0.007025989113624087,13.0,4.0,21.0,0.0,0.4,1.0,5,5,9.0
spline_logistic__symptoms_diet_labels,oral_health_selfrating,0.003928139558227171,0.019274951898538933,0.0017868992470824352,0.006680899068716828,0.007104587879079127,0.031248637779497424,3.0,1.0,3.0,1.0,1.0,1.0,5,5,2.0
spline_logistic__symptoms_diet_labels,oral_pain,0.0004892106845770721,0.0020333033769652322,-0.00017949063352654115,0.0010139787144861135,-0.0025607329356396092,0.006394354902013899,8.0,5.0,44.0,0.0,0.6,0.8,5,5,11.0
spline_logistic__symptoms_diet_labels,oral_social,0.00022332162798269936,0.0007063633970758877,-6.655071242820388e-05,0.0006655774203966957,-0.00047984861501124685,0.0020379109865537705,20.0,11.0,38.0,0.0,0.0,0.8,5,5,14.0
spline_logistic__symptoms_diet_labels,oral_speech,-0.00014974606672576266,-0.0008788596045471735,-0.001064004739165253,0.0004206379844518382,-0.004099750106766109,0.000366650942992397,29.0,16.0,42.0,0.0,0.0,0.4,5,5,39.0
spline_logistic__symptoms_diet_labels,region,0.0007960404858712919,0.003867743333753772,0.00028648203529999525,0.0018367460659362179,0.0017722319991087198,0.008181518116806208,7.0,3.0,13.0,0.2,0.8,1.0,5,5,5.0
spline_logistic__symptoms_diet_labels,rural,-2.1818887349105557e-05,-0.0002786770457393103,-7.460863636731263e-05,1.834797843143776e-05,-0.00073158848188839,9.356712261463507e-05,29.0,21.0,35.0,0.0,0.0,0.2,5,5,27.0
spline_logistic__symptoms_diet_labels,rural_water_consumption,-1.8417543604548718e-05,-0.0001623782172790579,-0.0002315779647518723,0.00015802523535607405,-0.0005866138638901397,0.00021049793414424923,30.0,23.0,31.0,0.0,0.0,0.2,5,5,26.0
spline_logistic__symptoms_diet_labels,sex,0.0007536396728127528,0.0035182526663426225,0.00013673078603038125,0.0017711837345976643,-0.00023355579438664176,0.005979414986651577,9.0,5.0,18.0,0.0,0.6,1.0,5,5,6.0
spline_logistic__symptoms_diet_labels,smoking_status,-6.09763315320874e-05,-0.00023906380625707767,-0.00023645814151657674,8.01851317594804e-05,-0.0010414099734195937,0.0005146187764405897,31.0,24.0,41.0,0.0,0.0,0.4,5,5,30.0
spline_logistic__symptoms_diet_labels,soda_frequency,9.505190314952695e-05,6.437102494956482e-05,-0.0007988739127436362,0.0005834466529048398,-0.0038848781167159173,0.0030811939391079735,24.0,8.0,44.0,0.0,0.4,0.6,5,5,19.0
spline_logistic__symptoms_diet_labels,soda_glasses_daily,0.00015198445181620394,0.00042054631679213646,-0.0004237449031242957,0.0007531576094048364,-0.002217620516183727,0.0034672654610879983,21.0,5.0,42.0,0.0,0.2,0.6,5,5,16.0
spline_logistic__symptoms_diet_labels,teeth_remaining,0.0035035545523971,0.018536011129104888,0.0018295649410869585,0.0059755127085625356,0.01424526824491994,0.024352856094176766,2.0,2.0,4.0,0.8,1.0,1.0,5,5,3.0
spline_logistic__symptoms_diet_labels,vegetable_days,0.00013754026158077412,0.0013925676704032116,-0.0006824779522354385,0.0005426772153471315,-0.0007863420563546164,0.0033625675230225084,12.0,11.0,39.0,0.0,0.0,0.8,5,5,17.0
spline_logistic__symptoms_diet_labels,vegetable_portions,-0.0002692718337133749,-0.00044774895451191914,-0.0016040199594252902,0.0005460481593222655,-0.0036449279885666596,0.0018658688238008426,36.0,11.0,44.0,0.0,0.0,0.4,5,5,41.0
spline_logistic__symptoms_diet_labels,water,-0.00043712240890211363,-0.0017696353415460006,-0.0012684625330868005,1.539880790127346e-05,-0.004529498600228043,3.41127128823393e-05,37.0,26.0,43.0,0.0,0.0,0.2,5,5,43.0
spline_logistic__symptoms_diet_labels,wholegrain,2.5473305982897214e-05,-0.00021081651453234914,-0.00027723737361967096,0.00016548708145238677,-0.002391281982412519,0.0008490140543744084,22.0,17.0,41.0,0.0,0.0,0.6,5,5,23.0
