model,fold,family,feature_set,n_features,auc,brier,log_loss,n_train,n_test,test_weight_sum,selected_params,weighted_training,converged,elapsed_seconds,beverage_training_caps,optimizer_status,epochs_completed
spline_logistic__context_diet_labels,1,spline_logistic,context_diet_labels,38,0.6358036671304554,0.23952536172234998,0.6718579039913434,4030,1006,2861322.5562906265,"{""C"": 0.001}",True,True,2.3263582500003395,{},,
spline_logistic__context_diet_labels,2,spline_logistic,context_diet_labels,38,0.6549127295396328,0.2323766937026227,0.6566850540117825,4029,1007,2574325.41285038,"{""C"": 0.001}",True,True,2.3500447499973234,{},,
spline_logistic__context_diet_labels,3,spline_logistic,context_diet_labels,38,0.6307192245570069,0.23676893183446762,0.6659693835509772,4025,1011,2776332.157348156,"{""C"": 0.001}",True,True,2.3022870830027387,{},,
spline_logistic__context_diet_labels,4,spline_logistic,context_diet_labels,38,0.6309085229666173,0.23509596839618704,0.6629296287613093,4029,1007,2777806.4952178,"{""C"": 0.001}",True,True,2.320739415998105,{},,
spline_logistic__context_diet_labels,5,spline_logistic,context_diet_labels,38,0.5814456656057595,0.2469729209450411,0.6870114216535892,4031,1005,2807410.1710247993,"{""C"": 0.01}",True,True,2.3173994579992723,{},,
spline_logistic__symptoms_diet_labels,1,spline_logistic,symptoms_diet_labels,44,0.6280124452042766,0.24187313969763088,0.6776916308899968,4030,1006,2861322.5562906265,"{""C"": 0.01}",True,True,2.8964570839962107,{},,
spline_logistic__symptoms_diet_labels,2,spline_logistic,symptoms_diet_labels,44,0.6617909301920435,0.23052211912479068,0.6525780411484094,4029,1007,2574325.41285038,"{""C"": 0.001}",True,True,2.8709265409997897,{},,
spline_logistic__symptoms_diet_labels,3,spline_logistic,symptoms_diet_labels,44,0.637149256019003,0.23512810327738834,0.6625047951774904,4025,1011,2776332.157348156,"{""C"": 0.001}",True,True,2.908418167004129,{},,
spline_logistic__symptoms_diet_labels,4,spline_logistic,symptoms_diet_labels,44,0.6478673395340584,0.23266780759724673,0.6578822199361473,4029,1007,2777806.4952178,"{""C"": 0.001}",True,True,2.908604208001634,{},,
spline_logistic__symptoms_diet_labels,5,spline_logistic,symptoms_diet_labels,44,0.6164148385256948,0.23917702094524992,0.670996171103238,4031,1005,2807410.1710247993,"{""C"": 0.01}",True,True,2.8304257499985397,{},,
random_forest__context_diet_labels,1,random_forest,context_diet_labels,38,0.624345724138167,0.2398862331101418,0.672076341935125,4030,1006,2861322.5562906265,"{""max_features"": ""sqrt"", ""min_samples_leaf"": 5}",True,True,11.33399400000053,{},,
random_forest__context_diet_labels,2,random_forest,context_diet_labels,38,0.6395848661714812,0.23362787442119476,0.6587054684155902,4029,1007,2574325.41285038,"{""max_features"": ""sqrt"", ""min_samples_leaf"": 5}",True,True,11.609898084003362,{},,
random_forest__context_diet_labels,3,random_forest,context_diet_labels,38,0.6280842919869509,0.23692449041114622,0.6663312727820887,4025,1011,2776332.157348156,"{""max_features"": 0.7, ""min_samples_leaf"": 100}",True,True,11.758158124997863,{},,
random_forest__context_diet_labels,4,random_forest,context_diet_labels,38,0.6220135977867746,0.23633013846004083,0.6645668575950867,4029,1007,2777806.4952178,"{""max_features"": 0.7, ""min_samples_leaf"": 100}",True,True,11.449120541998127,{},,
random_forest__context_diet_labels,5,random_forest,context_diet_labels,38,0.5835162657452743,0.24037028147775508,0.6732888224594226,4031,1005,2807410.1710247993,"{""max_features"": ""sqrt"", ""min_samples_leaf"": 20}",True,True,11.587941958001466,{},,
random_forest__symptoms_diet_labels,1,random_forest,symptoms_diet_labels,44,0.6268102723638869,0.23879393009946523,0.6701789665612778,4030,1006,2861322.5562906265,"{""max_features"": ""sqrt"", ""min_samples_leaf"": 5}",True,True,12.487081999999646,{},,
random_forest__symptoms_diet_labels,2,random_forest,symptoms_diet_labels,44,0.6542966649190345,0.23087070549084654,0.6530988231315017,4029,1007,2574325.41285038,"{""max_features"": ""sqrt"", ""min_samples_leaf"": 5}",True,True,12.799911250003788,{},,
random_forest__symptoms_diet_labels,3,random_forest,symptoms_diet_labels,44,0.6342953764670848,0.23516801578511645,0.6619823541028045,4025,1011,2776332.157348156,"{""max_features"": 0.7, ""min_samples_leaf"": 50}",True,True,12.42673262500466,{},,
random_forest__symptoms_diet_labels,4,random_forest,symptoms_diet_labels,44,0.655774006558679,0.23151684242036966,0.6553133365428762,4029,1007,2777806.4952178,"{""max_features"": ""sqrt"", ""min_samples_leaf"": 20}",True,True,12.018521040998166,{},,
random_forest__symptoms_diet_labels,5,random_forest,symptoms_diet_labels,44,0.6352009150716774,0.2335902273921222,0.6595434353171784,4031,1005,2807410.1710247993,"{""max_features"": ""sqrt"", ""min_samples_leaf"": 20}",True,True,12.24632629199914,{},,
hist_gradient_boosting__context_diet_labels,1,hist_gradient_boosting,context_diet_labels,38,0.6009706203899314,0.24489696710282094,0.6829862534365798,4030,1006,2861322.5562906265,"{""l2_regularization"": 1.0, ""max_leaf_nodes"": 3}",True,True,6.8915136250070645,{},,
hist_gradient_boosting__context_diet_labels,2,hist_gradient_boosting,context_diet_labels,38,0.6261289060869045,0.23704907083917912,0.6661549930484405,4029,1007,2574325.41285038,"{""l2_regularization"": 100.0, ""max_leaf_nodes"": 3}",True,True,7.469263332997798,{},,
hist_gradient_boosting__context_diet_labels,3,hist_gradient_boosting,context_diet_labels,38,0.6508072459502902,0.23377045588067372,0.6602610280284561,4025,1011,2776332.157348156,"{""l2_regularization"": 100.0, ""max_leaf_nodes"": 3}",True,True,6.921696166005859,{},,
hist_gradient_boosting__context_diet_labels,4,hist_gradient_boosting,context_diet_labels,38,0.617496896040156,0.23656019083524235,0.6649650726078693,4029,1007,2777806.4952178,"{""l2_regularization"": 100.0, ""max_leaf_nodes"": 3}",True,True,6.560255541000515,{},,
hist_gradient_boosting__context_diet_labels,5,hist_gradient_boosting,context_diet_labels,38,0.5856607290207333,0.24275055633330053,0.6774323599728672,4031,1005,2807410.1710247993,"{""l2_regularization"": 100.0, ""max_leaf_nodes"": 3}",True,True,6.80814591699891,{},,
hist_gradient_boosting__symptoms_diet_labels,1,hist_gradient_boosting,symptoms_diet_labels,44,0.6387677578872732,0.2380009395384365,0.6687174375361565,4030,1006,2861322.5562906265,"{""l2_regularization"": 100.0, ""max_leaf_nodes"": 3}",True,True,8.171624083995994,{},,
hist_gradient_boosting__symptoms_diet_labels,2,hist_gradient_boosting,symptoms_diet_labels,44,0.635628008640327,0.23786221855312278,0.6703233643815936,4029,1007,2574325.41285038,"{""l2_regularization"": 10.0, ""max_leaf_nodes"": 3}",True,True,7.1239662090010825,{},,
hist_gradient_boosting__symptoms_diet_labels,3,hist_gradient_boosting,symptoms_diet_labels,44,0.6517890209253319,0.23231361705022038,0.6565117695331297,4025,1011,2776332.157348156,"{""l2_regularization"": 100.0, ""max_leaf_nodes"": 3}",True,True,7.2173024590010755,{},,
hist_gradient_boosting__symptoms_diet_labels,4,hist_gradient_boosting,symptoms_diet_labels,44,0.6530424028212968,0.23088296965735192,0.6532789582120421,4029,1007,2777806.4952178,"{""l2_regularization"": 100.0, ""max_leaf_nodes"": 3}",True,True,7.71835487500357,{},,
hist_gradient_boosting__symptoms_diet_labels,5,hist_gradient_boosting,symptoms_diet_labels,44,0.6244633616252628,0.23481088934809888,0.6610014550661601,4031,1005,2807410.1710247993,"{""l2_regularization"": 100.0, ""max_leaf_nodes"": 3}",True,True,7.726863083000353,{},,
mlp__context_diet_labels,1,mlp,context_diet_labels,38,0.5556098425916682,0.2507665204598286,0.6946959742359162,4030,1006,2861322.5562906265,"{""alpha"": 10.0, ""epochs"": 100, ""hidden_layer_sizes"": [64, 32]}",True,,12.104456707995269,{},fixed_epoch_budget_completed,100.0
mlp__context_diet_labels,2,mlp,context_diet_labels,38,0.575797376900324,0.24835314070107395,0.6898504520425282,4029,1007,2574325.41285038,"{""alpha"": 10.0, ""epochs"": 100, ""hidden_layer_sizes"": [32, 16]}",True,,11.939282333994925,{},fixed_epoch_budget_completed,100.0
mlp__context_diet_labels,3,mlp,context_diet_labels,38,0.6041776944953143,0.24921847013754303,0.6915873743563017,4025,1011,2776332.157348156,"{""alpha"": 10.0, ""epochs"": 100, ""hidden_layer_sizes"": [32, 16]}",True,,11.987101332997554,{},fixed_epoch_budget_completed,100.0
mlp__context_diet_labels,4,mlp,context_diet_labels,38,0.5068700095364603,0.24592396494377208,0.6849833204349103,4029,1007,2777806.4952178,"{""alpha"": 10.0, ""epochs"": 100, ""hidden_layer_sizes"": [64, 32]}",True,,12.365964042000996,{},fixed_epoch_budget_completed,100.0
mlp__context_diet_labels,5,mlp,context_diet_labels,38,0.5473146288272281,0.24648678621829306,0.6861094828438228,4031,1005,2807410.1710247993,"{""alpha"": 10.0, ""epochs"": 100, ""hidden_layer_sizes"": [64, 32]}",True,,12.27132200000051,{},fixed_epoch_budget_completed,100.0
mlp__symptoms_diet_labels,1,mlp,symptoms_diet_labels,44,0.6067272006955041,0.25077889843087126,0.6947210056619747,4030,1006,2861322.5562906265,"{""alpha"": 10.0, ""epochs"": 100, ""hidden_layer_sizes"": [32, 16]}",True,,12.724175832998299,{},fixed_epoch_budget_completed,100.0
mlp__symptoms_diet_labels,2,mlp,symptoms_diet_labels,44,0.574903704675062,0.24833663837875905,0.6898171458784966,4029,1007,2574325.41285038,"{""alpha"": 10.0, ""epochs"": 250, ""hidden_layer_sizes"": [64, 32]}",True,,13.636003457999323,{},fixed_epoch_budget_completed,250.0
mlp__symptoms_diet_labels,3,mlp,symptoms_diet_labels,44,0.39138103103949584,0.2491481191741094,0.6914452997270372,4025,1011,2776332.157348156,"{""alpha"": 10.0, ""epochs"": 100, ""hidden_layer_sizes"": [64, 32]}",True,,12.97183125000447,{},fixed_epoch_budget_completed,100.0
mlp__symptoms_diet_labels,4,mlp,symptoms_diet_labels,44,0.5764070803746271,0.24561213129605397,0.684356044496537,4029,1007,2777806.4952178,"{""alpha"": 10.0, ""epochs"": 100, ""hidden_layer_sizes"": [32, 16]}",True,,13.346850125002675,{},fixed_epoch_budget_completed,100.0
mlp__symptoms_diet_labels,5,mlp,symptoms_diet_labels,44,0.6005839100194487,0.24649929399388187,0.6861346518357645,4031,1005,2807410.1710247993,"{""alpha"": 10.0, ""epochs"": 100, ""hidden_layer_sizes"": [64, 32]}",True,,12.773223625001265,{},fixed_epoch_budget_completed,100.0
