variable,description,raw_variables,raw_labels,raw_value_labels,units,english_categories,missing_and_derivation_rule,predictor_role,expanded_predictor_role
participant_id,Unique survey participant identifier; excluded from predictors,IdEncuesta,IdEncuesta: IdEncuesta,"{""IdEncuesta"": {}}",identifier/indicator,{},Negative special codes and nonfinite values become missing. Missing values retained; categorical codes mapped without imposing linear spacing.,outcome/design/cohort,outcome/design/cohort or ancillary
age,Age at survey,Edad,Edad: Edad,"{""Edad"": {}}",years,{},Negative special codes and nonfinite values become missing. Missing values retained; categorical codes mapped without imposing linear spacing.,primary,context
sex,Recorded sex,Sexo,Sexo: Sexo,"{""Sexo"": {""1.0"": ""HOMBRE"", ""2.0"": ""MUJER""}}",category,"{""1"": ""Male"", ""2"": ""Female""}",Negative special codes and nonfinite values become missing. Missing values retained; categorical codes mapped without imposing linear spacing.,primary,context
region,Survey region (2016 boundaries),Region,Region: Región,"{""Region"": {""1.0"": ""XV. Arica y Parinacota"", ""2.0"": ""I. Tarapacá"", ""3.0"": ""II. Antofagasta"", ""4.0"": ""III. Atacama"", ""5.0"": ""IV. Coquimbo"", ""6.0"": ""V. Valparaíso"", ""7.0"": ""XIII. Metropolitana"", ""8.0"": ""VI. L. Bdo. OHiggins"", ""9.0"": ""VII. Maule"", ""10.0"": ""VIII. Bíobío"", ""11.0"": ""IX. La Araucanía"", ""12.0"": ""XIV. Los Ríos"", ""13.0"": ""X. Los Lagos"", ""14.0"": ""XI. Aysén"", ""15.0"": ""XII. Magallanes y Antártica""}}",category,"{""1"": ""01 Arica and Parinacota"", ""2"": ""02 Tarapaca"", ""3"": ""03 Antofagasta"", ""4"": ""04 Atacama"", ""5"": ""05 Coquimbo"", ""6"": ""06 Valparaiso"", ""7"": ""07 Metropolitan"", ""8"": ""08 O'Higgins"", ""9"": ""09 Maule"", ""10"": ""10 Biobio"", ""11"": ""11 La Araucania"", ""12"": ""12 Los Rios"", ""13"": ""13 Los Lagos"", ""14"": ""14 Aysen"", ""15"": ""15 Magallanes and Antarctica""}",Negative special codes and nonfinite values become missing. Missing values retained; categorical codes mapped without imposing linear spacing.,primary,context
rural,Urban/rural residence,Zona,Zona: Área geográfica,"{""Zona"": {""1.0"": ""URBANA"", ""2.0"": ""RURAL""}}",category,"{""1"": ""Urban"", ""2"": ""Rural""}",Negative special codes and nonfinite values become missing. Missing values retained; categorical codes mapped without imposing linear spacing.,primary,context
education,"Low <8, intermediate 8–12, high >=13 years of schooling",NEDU1_MINSAL_1,NEDU1_MINSAL_1: Clasificacion Nivel Educacional_seleccionado (MINSAL),"{""NEDU1_MINSAL_1"": {""1.0"": ""< 8 años"", ""2.0"": ""8-12 años"", ""3.0"": ""13 o más años""}}",category,"{""1"": ""Low"", ""2"": ""Intermediate"", ""3"": ""High""}",Negative special codes and nonfinite values become missing. Missing values retained; categorical codes mapped without imposing linear spacing.,primary,context
indigenous,Self-reported membership/ancestry of a recognized indigenous people,c6,c6: c6. ¿Pertenece o es descendiente de algún pueblo indígena reconocido por la ley en Chile?,"{""c6"": {""1.0"": ""AYMARA"", ""2.0"": ""RAPA-NUI (PASCUENSES)"", ""3.0"": ""QUECHUA"", ""4.0"": ""MAPUCHE"", ""5.0"": ""ATACAMEÑO (LINKÁN ANTAI)"", ""6.0"": ""COYA"", ""7.0"": ""KAWÉSQAR (ALACALUFES)"", ""8.0"": ""YAGÁN (YÁMARA)"", ""9.0"": ""DIAGUITA"", ""10.0"": ""NO PERTENECE A NINGÚN PUEBLO INDÍGENA CHILENO.""}}",category,"{""1"": ""Yes"", ""2"": ""Yes"", ""3"": ""Yes"", ""4"": ""Yes"", ""5"": ""Yes"", ""6"": ""Yes"", ""7"": ""Yes"", ""8"": ""Yes"", ""9"": ""Yes"", ""10"": ""No""}",Negative special codes and nonfinite values become missing. Missing values retained; categorical codes mapped without imposing linear spacing.,primary,context
born_chile,Born in Chile,c1,c1: c1. ¿En qué país nació usted?,"{""c1"": {""1.0"": ""CHILE"", ""2.0"": ""OTRO (¿CUAL?)""}}",category,"{""1"": ""Yes"", ""2"": ""No""}",Negative special codes and nonfinite values become missing. Missing values retained; categorical codes mapped without imposing linear spacing.,primary,context
teeth_remaining,"Total remaining teeth, upper plus lower jaw",m5p3 + m5p6,m5p3: m5p3. Número total de dientes REMANENTES en el maxilar SUPERIOR | m5p6: m5p6. Número total de dientes REMANENTES en el maxilar INFERIOR,"{""m5p3"": {""0.0"": ""0"", ""1.0"": ""1"", ""2.0"": ""2"", ""3.0"": ""3"", ""4.0"": ""4"", ""5.0"": ""5"", ""6.0"": ""6"", ""7.0"": ""7"", ""8.0"": ""8"", ""9.0"": ""9"", ""10.0"": ""10"", ""11.0"": ""11"", ""12.0"": ""12"", ""13.0"": ""13"", ""14.0"": ""14"", ""15.0"": ""15"", ""16.0"": ""16""}, ""m5p6"": {""0.0"": ""0"", ""1.0"": ""1"", ""2.0"": ""2"", ""3.0"": ""3"", ""4.0"": ""4"", ""5.0"": ""5"", ""6.0"": ""6"", ""7.0"": ""7"", ""8.0"": ""8"", ""9.0"": ""9"", ""10.0"": ""10"", ""11.0"": ""11"", ""12.0"": ""12"", ""13.0"": ""13"", ""14.0"": ""14"", ""15.0"": ""15"", ""16.0"": ""16""}}",teeth,{},Negative special codes and nonfinite values become missing. Add both jaw counts only if both observed; each jaw must be integer 0–16.,primary,context
decayed_teeth,"Total clinically observed decayed teeth, upper plus lower jaw",m5p5 + m5p8,m5p5: m5p5. Número total de dientes CARIADOS en el maxilar SUPERIOR | m5p8: m5p8. Número total de dientes CARIADOS en el maxilar INFERIOR,"{""m5p5"": {""0.0"": ""0"", ""1.0"": ""1"", ""2.0"": ""2"", ""3.0"": ""3"", ""4.0"": ""4"", ""5.0"": ""5"", ""6.0"": ""6"", ""7.0"": ""7"", ""8.0"": ""8"", ""9.0"": ""9"", ""10.0"": ""10"", ""11.0"": ""11"", ""12.0"": ""12"", ""13.0"": ""13"", ""14.0"": ""14"", ""15.0"": ""15"", ""16.0"": ""16""}, ""m5p8"": {""0.0"": ""0"", ""1.0"": ""1"", ""2.0"": ""2"", ""3.0"": ""3"", ""4.0"": ""4"", ""5.0"": ""5"", ""6.0"": ""6"", ""7.0"": ""7"", ""8.0"": ""8"", ""9.0"": ""9"", ""10.0"": ""10"", ""11.0"": ""11"", ""12.0"": ""12"", ""13.0"": ""13"", ""14.0"": ""14"", ""15.0"": ""15"", ""16.0"": ""16""}}",teeth,{},Negative special codes and nonfinite values become missing. Add both jaw counts only if both observed; verify decay <= remaining teeth in each jaw.,outcome/design/cohort,outcome/design/cohort or ancillary
caries,Prevalent cavitated caries: at least one clinically observed decayed tooth,m5p5 + m5p8,m5p5: m5p5. Número total de dientes CARIADOS en el maxilar SUPERIOR | m5p8: m5p8. Número total de dientes CARIADOS en el maxilar INFERIOR,"{""m5p5"": {""0.0"": ""0"", ""1.0"": ""1"", ""2.0"": ""2"", ""3.0"": ""3"", ""4.0"": ""4"", ""5.0"": ""5"", ""6.0"": ""6"", ""7.0"": ""7"", ""8.0"": ""8"", ""9.0"": ""9"", ""10.0"": ""10"", ""11.0"": ""11"", ""12.0"": ""12"", ""13.0"": ""13"", ""14.0"": ""14"", ""15.0"": ""15"", ""16.0"": ""16""}, ""m5p8"": {""0.0"": ""0"", ""1.0"": ""1"", ""2.0"": ""2"", ""3.0"": ""3"", ""4.0"": ""4"", ""5.0"": ""5"", ""6.0"": ""6"", ""7.0"": ""7"", ""8.0"": ""8"", ""9.0"": ""9"", ""10.0"": ""10"", ""11.0"": ""11"", ""12.0"": ""12"", ""13.0"": ""13"", ""14.0"": ""14"", ""15.0"": ""15"", ""16.0"": ""16""}}",binary 0/1,{},"Negative special codes and nonfinite values become missing. 1 if decayed_teeth >0, 0 if zero, missing if either jaw outcome missing. No outcome imputation.",outcome/design/cohort,outcome/design/cohort or ancillary
weight,"Joint F1/F2 calibrated expansion weight, supplied by ENS",Fexp_F1F2p_Corr,"Fexp_F1F2p_Corr: Fexp_F1F2p_CorrPonderador Postestratificado 120 celdas, Truncado Absoluto p99,5%","{""Fexp_F1F2p_Corr"": {}}",represented persons,{},Negative special codes and nonfinite values become missing. Missing values retained; categorical codes mapped without imposing linear spacing.,outcome/design/cohort,outcome/design/cohort or ancillary
stratum,Survey sampling stratum,Estrato,Estrato: Estrato,"{""Estrato"": {}}",identifier/indicator,{},Negative special codes and nonfinite values become missing. Missing values retained; categorical codes mapped without imposing linear spacing.,outcome/design/cohort,outcome/design/cohort or ancillary
psu,Primary sampling unit (Conglomerado),Conglomerado,Conglomerado: Conglomerado,"{""Conglomerado"": {}}",identifier/indicator,{},Negative special codes and nonfinite values become missing. Missing values retained; categorical codes mapped without imposing linear spacing.,outcome/design/cohort,outcome/design/cohort or ancillary
eligible,Dentate participant with both remaining-tooth counts observed,m5p3 + m5p6,m5p3: m5p3. Número total de dientes REMANENTES en el maxilar SUPERIOR | m5p6: m5p6. Número total de dientes REMANENTES en el maxilar INFERIOR,"{""m5p3"": {""0.0"": ""0"", ""1.0"": ""1"", ""2.0"": ""2"", ""3.0"": ""3"", ""4.0"": ""4"", ""5.0"": ""5"", ""6.0"": ""6"", ""7.0"": ""7"", ""8.0"": ""8"", ""9.0"": ""9"", ""10.0"": ""10"", ""11.0"": ""11"", ""12.0"": ""12"", ""13.0"": ""13"", ""14.0"": ""14"", ""15.0"": ""15"", ""16.0"": ""16""}, ""m5p6"": {""0.0"": ""0"", ""1.0"": ""1"", ""2.0"": ""2"", ""3.0"": ""3"", ""4.0"": ""4"", ""5.0"": ""5"", ""6.0"": ""6"", ""7.0"": ""7"", ""8.0"": ""8"", ""9.0"": ""9"", ""10.0"": ""10"", ""11.0"": ""11"", ""12.0"": ""12"", ""13.0"": ""13"", ""14.0"": ""14"", ""15.0"": ""15"", ""16.0"": ""16""}}",identifier/indicator,{},Negative special codes and nonfinite values become missing. teeth_remaining >0; missing examination is not eligible. Outcome completeness checked in audit.,outcome/design/cohort,outcome/design/cohort or ancillary
paper_complete,Eligible participant with observed education and water intake; manuscript cohort reconstruction,m5p3 + m5p6 + NEDU1_MINSAL_1 + die11,m5p3: m5p3. Número total de dientes REMANENTES en el maxilar SUPERIOR | m5p6: m5p6. Número total de dientes REMANENTES en el maxilar INFERIOR | NEDU1_MINSAL_1: Clasificacion Nivel Educacional_seleccionado (MINSAL) | die11: die11. ¿Cuántos vasos de agua al día consume Usted? Muestre Tarjeta 22,"{""m5p3"": {""0.0"": ""0"", ""1.0"": ""1"", ""2.0"": ""2"", ""3.0"": ""3"", ""4.0"": ""4"", ""5.0"": ""5"", ""6.0"": ""6"", ""7.0"": ""7"", ""8.0"": ""8"", ""9.0"": ""9"", ""10.0"": ""10"", ""11.0"": ""11"", ""12.0"": ""12"", ""13.0"": ""13"", ""14.0"": ""14"", ""15.0"": ""15"", ""16.0"": ""16""}, ""m5p6"": {""0.0"": ""0"", ""1.0"": ""1"", ""2.0"": ""2"", ""3.0"": ""3"", ""4.0"": ""4"", ""5.0"": ""5"", ""6.0"": ""6"", ""7.0"": ""7"", ""8.0"": ""8"", ""9.0"": ""9"", ""10.0"": ""10"", ""11.0"": ""11"", ""12.0"": ""12"", ""13.0"": ""13"", ""14.0"": ""14"", ""15.0"": ""15"", ""16.0"": ""16""}, ""NEDU1_MINSAL_1"": {""1.0"": ""< 8 años"", ""2.0"": ""8-12 años"", ""3.0"": ""13 o más años""}, ""die11"": {""-9999.0"": ""NO RESPONDE"", ""-8888.0"": ""NO SABE"", ""0.0"": ""0"", ""1.0"": ""1"", ""2.0"": ""2"", ""3.0"": ""3"", ""4.0"": ""4"", ""5.0"": ""5"", ""6.0"": ""6"", ""7.0"": ""7"", ""8.0"": ""8"", ""9.0"": ""9"", ""10.0"": ""10"", ""11.0"": ""11"", ""12.0"": ""12"", ""13.0"": ""13"", ""14.0"": ""14"", ""15.0"": ""15"", ""16.0"": ""16"", ""17.0"": ""17"", ""18.0"": ""18"", ""19.0"": ""19"", ""20.0"": ""20"", ""21.0"": ""21"", ""22.0"": ""22"", ""23.0"": ""23"", ""24.0"": ""24"", ""25.0"": ""25"", ""26.0"": ""26"", ""27.0"": ""27"", ""28.0"": ""28"", ""29.0"": ""29"", ""30.0"": ""30"", ""31.0"": ""31"", ""32.0"": ""32"", ""33.0"": ""33"", ""34.0"": ""34"", ""35.0"": ""35"", ""36.0"": ""36"", ""37.0"": ""37"", ""38.0"": ""38"", ""39.0"": ""39"", ""40.0"": ""40"", ""41.0"": ""41"", ""42.0"": ""42"", ""43.0"": ""43"", ""44.0"": ""44"", ""45.0"": ""45"", ""46.0"": ""46"", ""47.0"": ""47"", ""48.0"": ""48"", ""49.0"": ""49"", ""50.0"": ""50"", ""51.0"": ""OTRO VALOR, ESPECIFIQUE""}}",identifier/indicator,{},Negative special codes and nonfinite values become missing. eligible AND education observed AND water observed. Retain other predictor missingness.,outcome/design/cohort,outcome/design/cohort or ancillary
fish,Fish/seafood consumption frequency,die1a,die1a: die1a. ¿Con qué frecuencia come pescado o mariscos (cualquier tipo de preparación o presentación)?.,"{""die1a"": {""1.0"": ""MÁS DE UNA VEZ A LA SEMANA"", ""2.0"": ""1 VEZ A LA SEMANA"", ""3.0"": ""MENOS DE 3 VECES AL MES"", ""4.0"": ""MENOS DE 1 VEZ AL MES O NUNCA""}}",category,"{""1"": ""More than once/week"", ""2"": ""Once/week"", ""3"": ""Less than three times/month"", ""4"": ""Less than once/month or never""}",Negative special codes and nonfinite values become missing. Missing values retained; categorical codes mapped without imposing linear spacing.,primary,dietary intake
dairy_frequency,Dairy consumption frequency,die2,"die2: die2. ¿Con qué frecuencia consume leche, queso, quesillo o yogurt?","{""die2"": {""1.0"": ""TRES O MÁS VECES AL DÍA"", ""2.0"": ""MENOS DE TRES VECES AL DÍA"", ""3.0"": ""UNA VEZ AL DÍA"", ""4.0"": ""DÍA POR MEDIO"", ""5.0"": ""AL MENOS UNA VEZ POR SEMANA"", ""6.0"": ""AL MENOS UNA VEZ POR MES"", ""7.0"": ""NUNCA""}}",category,"{""1"": ""At least three times/day"", ""2"": ""Less than three times/day"", ""3"": ""Once/day"", ""4"": ""Every other day"", ""5"": ""At least once/week"", ""6"": ""At least once/month"", ""7"": ""Never""}",Negative special codes and nonfinite values become missing. Missing values retained; categorical codes mapped without imposing linear spacing.,primary,dietary intake
dairy_type,"Usual dairy fat content, with structural category for nonconsumers",die2 + die3,"die2: die2. ¿Con qué frecuencia consume leche, queso, quesillo o yogurt? | die3: die3. ¿Qué tipo de lácteos como leche, quesillo o yogurt consume preferentemente?","{""die2"": {""1.0"": ""TRES O MÁS VECES AL DÍA"", ""2.0"": ""MENOS DE TRES VECES AL DÍA"", ""3.0"": ""UNA VEZ AL DÍA"", ""4.0"": ""DÍA POR MEDIO"", ""5.0"": ""AL MENOS UNA VEZ POR SEMANA"", ""6.0"": ""AL MENOS UNA VEZ POR MES"", ""7.0"": ""NUNCA""}, ""die3"": {""1.0"": ""SEMI DESCREMADOS, DESCREMADOS O BAJOS EN GRASAS"", ""2.0"": ""ENTEROS""}}",category,"{""1"": ""Reduced fat"", ""2"": ""Full fat"", ""structural"": ""No dairy""}",Negative special codes and nonfinite values become missing. If die2=7 set 'No dairy'; otherwise missing die3 remains missing.,primary,dietary intake
wholegrain,Wholegrain consumption frequency,die4,"die4: die4. ¿Con qué frecuencia consume usted algún tipo de cereal integral como pan integral, cereal integral o alimentos que contengan harinas integrales?","{""die4"": {""1.0"": ""MÁS DE UNA VEZ POR DÍA"", ""2.0"": ""A DIARIO"", ""3.0"": ""DÍA POR MEDIO"", ""4.0"": ""AL MENOS UNA VEZ POR SEMANA"", ""5.0"": ""AL MENOS UNA VEZ POR MES"", ""6.0"": ""NUNCA""}}",category,"{""1"": ""More than once/day"", ""2"": ""Daily"", ""3"": ""Every other day"", ""4"": ""At least once/week"", ""5"": ""At least once/month"", ""6"": ""Never""}",Negative special codes and nonfinite values become missing. Missing values retained; categorical codes mapped without imposing linear spacing.,primary,dietary intake
legumes,Legume consumption frequency,die5,"die5: die5. ¿Con qué frecuencia  consume usted algún tipo de legumbres como porotos, lentejas, arvejas, garbanzos? Muestre Tarjeta 18","{""die5"": {""1.0"": ""DOS O MÁS VECES POR SEMANA"", ""2.0"": ""AL MENOS UNA VEZ POR SEMANA"", ""3.0"": ""ENTRE UNA Y TRES VECES AL MES"", ""4.0"": ""MENOS DE UNA VEZ AL MES O NUNCA""}}",category,"{""1"": ""At least twice/week"", ""2"": ""At least once/week"", ""3"": ""One to three times/month"", ""4"": ""Less than once/month or never""}",Negative special codes and nonfinite values become missing. Missing values retained; categorical codes mapped without imposing linear spacing.,primary,dietary intake
fruit_days,Fruit consumption days in a typical week,die6,"die6: die6. En una semana típica, ¿Cuántos días come Ud. frutas?","{""die6"": {""0.0"": ""0"", ""1.0"": ""1"", ""2.0"": ""2"", ""3.0"": ""3"", ""4.0"": ""4"", ""5.0"": ""5"", ""6.0"": ""6"", ""7.0"": ""7""}}",days/week,{},Negative special codes and nonfinite values become missing. Missing values retained; categorical codes mapped without imposing linear spacing.,primary,dietary intake
fruit_portions,Fruit portions on a consumption day; zero for nonconsumers,die6 + die7,"die6: die6. En una semana típica, ¿Cuántos días come Ud. frutas? | die7: die7. ¿Cuántas porciones de frutas come en uno de esos días?  Muestre Tarjeta 19. N° de porciones:","{""die6"": {""0.0"": ""0"", ""1.0"": ""1"", ""2.0"": ""2"", ""3.0"": ""3"", ""4.0"": ""4"", ""5.0"": ""5"", ""6.0"": ""6"", ""7.0"": ""7""}, ""die7"": {}}",portions/consumption day,{},Negative special codes and nonfinite values become missing. If die6=0 set 0; otherwise preserve missing die7. Do not clip large values.,primary,dietary intake
vegetable_days,Vegetable consumption days in a typical week,die8,"die8: die8. En una semana típica, ¿Cuántos días come Ud. verduras, hortalizas o ensaladas de verduras? No considerar papas ni legumbres","{""die8"": {""0.0"": ""0"", ""1.0"": ""1"", ""2.0"": ""2"", ""3.0"": ""3"", ""4.0"": ""4"", ""5.0"": ""5"", ""6.0"": ""6"", ""7.0"": ""7""}}",days/week,{},Negative special codes and nonfinite values become missing. Missing values retained; categorical codes mapped without imposing linear spacing.,primary,dietary intake
vegetable_portions,Vegetable portions on a consumption day; zero for nonconsumers,die8 + die9,"die8: die8. En una semana típica, ¿Cuántos días come Ud. verduras, hortalizas o ensaladas de verduras? No considerar papas ni legumbres | die9: die9. ¿Cuántas porciones de verduras u hortalizas o ensaladas de verduras come en uno de esos días? No considerar papas ni legumbres. Muestre tarjeta 20. N° de porciones:","{""die8"": {""0.0"": ""0"", ""1.0"": ""1"", ""2.0"": ""2"", ""3.0"": ""3"", ""4.0"": ""4"", ""5.0"": ""5"", ""6.0"": ""6"", ""7.0"": ""7""}, ""die9"": {}}",portions/consumption day,{},Negative special codes and nonfinite values become missing. If die8=0 set 0; otherwise preserve missing die9. Do not clip large values.,primary,dietary intake
label_ingredients,Frequency of checking/considering package ingredients,die10_a,die10_a: die10_a. ¿con qué frecuencia revisa y toma en cuenta los ingredientes y aditivos que el envase dice contener. Muestre sección de ingredientes en Tarjeta 21a,"{""die10_a"": {""1.0"": ""SIEMPRE"", ""2.0"": ""CASI SIEMPRE"", ""3.0"": ""ALGUNAS VECES"", ""4.0"": ""RARA VEZ"", ""5.0"": ""NUNCA""}}",category,"{""1"": ""Always"", ""2"": ""Almost always"", ""3"": ""Sometimes"", ""4"": ""Rarely"", ""5"": ""Never""}",Negative special codes and nonfinite values become missing. Missing values retained; categorical codes mapped without imposing linear spacing.,primary,label-related behaviour
label_nutrition,Frequency of checking/considering package nutrition,die10_b,"die10_b: die10_b. ¿con qué frecuencia revisa y toma en cuenta la Información o tabla nutricional. Es decir la cantidad de calorías, grasas, proteínas, sal y otros. Muestre tabla nutricional en Tarjeta 21b","{""die10_b"": {""1.0"": ""SIEMPRE"", ""2.0"": ""CASI SIEMPRE"", ""3.0"": ""ALGUNAS VECES"", ""4.0"": ""RARA VEZ"", ""5.0"": ""NUNCA""}}",category,"{""1"": ""Always"", ""2"": ""Almost always"", ""3"": ""Sometimes"", ""4"": ""Rarely"", ""5"": ""Never""}",Negative special codes and nonfinite values become missing. Missing values retained; categorical codes mapped without imposing linear spacing.,primary,label-related behaviour
label_warnings,Frequency of checking/considering package warnings,die10_c,"die10_c: die10_c. ¿con qué frecuencia revisa y toma en cuenta los sellos de advertencia (alto en sodio, alto en azúcares, alto en grasas saturadas, alto en calorías). Muestre mensaje nutricional en Tarjeta 21c","{""die10_c"": {""1.0"": ""SIEMPRE"", ""2.0"": ""CASI SIEMPRE"", ""3.0"": ""ALGUNAS VECES"", ""4.0"": ""RARA VEZ"", ""5.0"": ""NUNCA""}}",category,"{""1"": ""Always"", ""2"": ""Almost always"", ""3"": ""Sometimes"", ""4"": ""Rarely"", ""5"": ""Never""}",Negative special codes and nonfinite values become missing. Missing values retained; categorical codes mapped without imposing linear spacing.,primary,label-related behaviour
label_health,Frequency of checking/considering package health,die10_d,die10_d: die10_d. ¿con qué frecuencia revisa y toma en cuenta los mensajes saludables que trae el envase como (el consumo de fibra reduce el colesterol). Muestre mensaje nutricional en Tarjeta 21d,"{""die10_d"": {""1.0"": ""SIEMPRE"", ""2.0"": ""CASI SIEMPRE"", ""3.0"": ""ALGUNAS VECES"", ""4.0"": ""RARA VEZ"", ""5.0"": ""NUNCA""}}",category,"{""1"": ""Always"", ""2"": ""Almost always"", ""3"": ""Sometimes"", ""4"": ""Rarely"", ""5"": ""Never""}",Negative special codes and nonfinite values become missing. Missing values retained; categorical codes mapped without imposing linear spacing.,primary,label-related behaviour
label_brand,Frequency of checking/considering package brand,die10_e,die10_e: die10_e. ¿con qué frecuencia revisa y toma en cuenta la marca,"{""die10_e"": {""1.0"": ""SIEMPRE"", ""2.0"": ""CASI SIEMPRE"", ""3.0"": ""ALGUNAS VECES"", ""4.0"": ""RARA VEZ"", ""5.0"": ""NUNCA""}}",category,"{""1"": ""Always"", ""2"": ""Almost always"", ""3"": ""Sometimes"", ""4"": ""Rarely"", ""5"": ""Never""}",Negative special codes and nonfinite values become missing. Missing values retained; categorical codes mapped without imposing linear spacing.,primary,label-related behaviour
label_discounts,Frequency of checking/considering package discounts,die10_f,"die10_f: die10_f. ¿con qué frecuencia revisa y toma en cuenta si tiene menor precio, por ejemplo, las promociones, ofertas, descuentos, regalos, entre otros.","{""die10_f"": {""1.0"": ""SIEMPRE"", ""2.0"": ""CASI SIEMPRE"", ""3.0"": ""ALGUNAS VECES"", ""4.0"": ""RARA VEZ"", ""5.0"": ""NUNCA""}}",category,"{""1"": ""Always"", ""2"": ""Almost always"", ""3"": ""Sometimes"", ""4"": ""Rarely"", ""5"": ""Never""}",Negative special codes and nonfinite values become missing. Missing values retained; categorical codes mapped without imposing linear spacing.,primary,label-related behaviour
water,Self-reported glasses of water per day; water source/fluoride exposure not identified,die11,die11: die11. ¿Cuántos vasos de agua al día consume Usted? Muestre Tarjeta 22,"{""die11"": {""-9999.0"": ""NO RESPONDE"", ""-8888.0"": ""NO SABE"", ""0.0"": ""0"", ""1.0"": ""1"", ""2.0"": ""2"", ""3.0"": ""3"", ""4.0"": ""4"", ""5.0"": ""5"", ""6.0"": ""6"", ""7.0"": ""7"", ""8.0"": ""8"", ""9.0"": ""9"", ""10.0"": ""10"", ""11.0"": ""11"", ""12.0"": ""12"", ""13.0"": ""13"", ""14.0"": ""14"", ""15.0"": ""15"", ""16.0"": ""16"", ""17.0"": ""17"", ""18.0"": ""18"", ""19.0"": ""19"", ""20.0"": ""20"", ""21.0"": ""21"", ""22.0"": ""22"", ""23.0"": ""23"", ""24.0"": ""24"", ""25.0"": ""25"", ""26.0"": ""26"", ""27.0"": ""27"", ""28.0"": ""28"", ""29.0"": ""29"", ""30.0"": ""30"", ""31.0"": ""31"", ""32.0"": ""32"", ""33.0"": ""33"", ""34.0"": ""34"", ""35.0"": ""35"", ""36.0"": ""36"", ""37.0"": ""37"", ""38.0"": ""38"", ""39.0"": ""39"", ""40.0"": ""40"", ""41.0"": ""41"", ""42.0"": ""42"", ""43.0"": ""43"", ""44.0"": ""44"", ""45.0"": ""45"", ""46.0"": ""46"", ""47.0"": ""47"", ""48.0"": ""48"", ""49.0"": ""49"", ""50.0"": ""50"", ""51.0"": ""OTRO VALOR, ESPECIFIQUE""}}",glasses/day,{},"Negative special codes and nonfinite values become missing. Preserve 0–50 glasses; code 51='other value, specify' is unquantified and missing; no clipping.",primary,dietary intake
soda_frequency,Sugar-sweetened soda consumption frequency converted to times/day,die12_cantidad + die12_unidad,die12_cantidad: die12_cantidad. Cantidad: ¿Cuántas gaseosas azucaradas consumió en el último mes? | die12_unidad: die12_unidad. Unidad: ¿Cuántas gaseosas azucaradas consumió en el último mes?,"{""die12_cantidad"": {}, ""die12_unidad"": {""1.0"": ""N° DE VECES AL DÍA"", ""2.0"": ""N° DE VECES A LA SEMANA"", ""3.0"": ""N° DE VECES AL MES"", ""4.0"": ""NO CONSUME""}}",times/day,{},"Negative special codes and nonfinite values become missing. Quantity / (1,7,30) for unit (1,2,3); unit4 nonconsumer=0, unknown/missing unit remains missing.",primary,dietary intake
juice_frequency,Sugar-sweetened juice consumption frequency converted to times/day,die13_cantidad + die13_unidad,die13_cantidad: die13_cantidad. Cantidad: ¿Qué tan seguido consumió jugos con azúcar el último mes? | die13_unidad: die13_unidad. Unidad: ¿Qué tan seguido consumió jugos con azúcar el último mes?,"{""die13_cantidad"": {}, ""die13_unidad"": {""1.0"": ""N° DE VECES AL DÍA"", ""2.0"": ""N° DE VECES A LA SEMANA"", ""3.0"": ""N° DE VECES AL MES"", ""4.0"": ""NO CONSUME""}}",times/day,{},"Negative special codes and nonfinite values become missing. Quantity / (1,7,30) for unit (1,2,3); unit4 nonconsumer=0, unknown/missing unit remains missing.",primary,dietary intake
oil,Most frequently used cooking oil/fat,die14,die14: die14. ¿Qué tipo de aceite o grasa se usa con más frecuencia para cocinar en su casa?,"{""die14"": {""0.0"": ""NINGUNO"", ""1.0"": ""ACEITE VEGETAL (MARAVILLA, MAIZ, PEPA DE UVA)"", ""2.0"": ""ACEITE DE OLIVA"", ""3.0"": ""MANTECA"", ""4.0"": ""MANTEQUILLA"", ""5.0"": ""MARGARINA"", ""6.0"": ""OTRO. ESPECIFIQUE:""}}",category,"{""0"": ""None"", ""1"": ""Vegetable oil"", ""2"": ""Olive oil"", ""3"": ""Lard"", ""4"": ""Butter"", ""5"": ""Margarine"", ""6"": ""Other""}",Negative special codes and nonfinite values become missing. Missing values retained; categorical codes mapped without imposing linear spacing.,primary,dietary intake
household_water_source,Household supply: public network vs other; not a measure of fluoride exposure,as29,as29: as29. ¿De dónde proviene el agua de la vivienda?:,"{""as29"": {""-9999.0"": ""NO RESPONDE"", ""-8888.0"": ""NO SABE"", ""1.0"": ""RED PÚBLICA CON MEDIDOR PROPIO"", ""2.0"": ""RED PÚBLICA CON MEDIDOR COMPARTIDO"", ""3.0"": ""RED PÚBLICA SIN MEDIDOR"", ""4.0"": ""POZO O NORIA"", ""5.0"": ""RÍO, VERTIENTE, LAGO O ESTERO"", ""6.0"": ""CAMIÓN ALJIBE"", ""7.0"": ""OTRA FUENTE. ¿CUÁL?""}}",category,"{""1"": ""Public network"", ""2"": ""Public network"", ""3"": ""Public network"", ""4"": ""Other"", ""5"": ""Other"", ""6"": ""Other"", ""7"": ""Other""}",Negative special codes and nonfinite values become missing. Missing values retained; categorical codes mapped without imposing linear spacing.,extended sensitivity,context
rural_water_consumption,"Consumed well, spring or rural drinking water during the previous week for drinking/cooking; not bottled water or fluoride concentration",m8p13,"m8p13: m8p13. Durante la última semana, para tomar o cocinar, ha consumido agua de pozos, vertientes o agua potable rural(APR)","{""m8p13"": {""1.0"": ""SÍ"", ""2.0"": ""NO""}}",category,"{""1"": ""Yes"", ""2"": ""No""}",Negative special codes and nonfinite values become missing. Missing values retained; categorical codes mapped without imposing linear spacing.,extended sensitivity,context
dental_visit,Time since last dental visit; potentially responsive to existing disease or treatment,sb2,sb2: sb2. ¿Cuándo fue la última vez que visitó al dentista?,"{""sb2"": {""1.0"": ""HACE MENOS DE 6 MESES"", ""2.0"": ""ENTRE 6 MESES Y UN AÑO"", ""3.0"": ""MÁS DE 1 AÑO Y MENOS DE 2 AÑOS"", ""4.0"": ""2 O MÁS AÑOS, PERO MENOS DE 5 AÑOS"", ""5.0"": ""5 O MÁS AÑOS"", ""6.0"": ""NUNCA LO HE VISITADO""}}",category,"{""1"": ""Less than 6 months"", ""2"": ""6–12 months"", ""3"": ""More than 1 to less than 2 years"", ""4"": ""2 to less than 5 years"", ""5"": ""At least 5 years"", ""6"": ""Never""}",Negative special codes and nonfinite values become missing. Missing values retained; categorical codes mapped without imposing linear spacing.,extended sensitivity,context
soda_glasses_daily,Estimated daily soda volume in glasses; extreme reported values retained and audited,die12_cantidad + die12_unidad + die12e,die12_cantidad: die12_cantidad. Cantidad: ¿Cuántas gaseosas azucaradas consumió en el último mes? | die12_unidad: die12_unidad. Unidad: ¿Cuántas gaseosas azucaradas consumió en el último mes? | die12e: die12e. ¿Cuántos vasos estándar de gaseosas azucaradas consumió en cada ocasión?,"{""die12_cantidad"": {}, ""die12_unidad"": {""1.0"": ""N° DE VECES AL DÍA"", ""2.0"": ""N° DE VECES A LA SEMANA"", ""3.0"": ""N° DE VECES AL MES"", ""4.0"": ""NO CONSUME""}, ""die12e"": {}}",glasses/day,{},Negative special codes and nonfinite values become missing. Daily frequency * die12e; nonconsumer=0 even if glasses/occasion missing; no clipping.,ancillary,dietary intake
juice_glasses_daily,Estimated daily juice volume in glasses; extreme reported values retained and audited,die13_cantidad + die13_unidad + die13e,die13_cantidad: die13_cantidad. Cantidad: ¿Qué tan seguido consumió jugos con azúcar el último mes? | die13_unidad: die13_unidad. Unidad: ¿Qué tan seguido consumió jugos con azúcar el último mes? | die13e: die13e. ¿Cuántos vasos estándar consumió en promedio en cada ocasión?,"{""die13_cantidad"": {}, ""die13_unidad"": {""1.0"": ""N° DE VECES AL DÍA"", ""2.0"": ""N° DE VECES A LA SEMANA"", ""3.0"": ""N° DE VECES AL MES"", ""4.0"": ""NO CONSUME""}, ""die13e"": {}}",glasses/day,{},Negative special codes and nonfinite values become missing. Daily frequency * die13e; nonconsumer=0 even if glasses/occasion missing; no clipping.,ancillary,dietary intake
income_band,"Monthly net income of the entire household, in questionnaire bands",as27 + as28,"as27: as27. Podría decirme, ¿cuál es aproximadamente el ingreso mensual  líquido de todo el hogar, es decir, sumando todos los ingresos de los miembros del hogar? | as28: as28. De acuerdo a la siguiente tarjeta, podría decirme, ¿Dónde se encuentran los ingresos mensuales totales del hogar, sumando todos los ingresos de los miembros del hogar?. Muestre tarjeta 29","{""as27"": {""-9999.0"": ""NO RESPONDE"", ""-8888.0"": ""NO SABE""}, ""as28"": {""-9999.0"": ""NO RESPONDE"", ""-8888.0"": ""NO SABE"", ""1.0"": ""1. MENOS DE $77.999"", ""2.0"": ""2. $78.000 A $134.999"", ""3.0"": ""3. $135.000 A $217.999"", ""4.0"": ""4. $218.000 A $295.999"", ""5.0"": ""5. $296.000 A $383.999"", ""6.0"": ""6. $384.000 A $480.999"", ""7.0"": ""7. $481.000 A $607.999"", ""8.0"": ""8. $608.000 A $764.999"", ""9.0"": ""9. $765.000 A $1.029.999"", ""10.0"": ""10. $1.030.000 A $1.572.999"", ""11.0"": ""11. MÁS DE $1.573.000""}}","household CLP/month, category","{""1"": ""01 <78,000 CLP/month"", ""2"": ""02 78,000–134,999 CLP/month"", ""3"": ""03 135,000–217,999 CLP/month"", ""4"": ""04 218,000–295,999 CLP/month"", ""5"": ""05 296,000–383,999 CLP/month"", ""6"": ""06 384,000–480,999 CLP/month"", ""7"": ""07 481,000–607,999 CLP/month"", ""8"": ""08 608,000–764,999 CLP/month"", ""9"": ""09 765,000–1,029,999 CLP/month"", ""10"": ""10 1,030,000–1,572,999 CLP/month"", ""11"": ""11 >=1,573,000 CLP/month""}","Negative special codes and nonfinite values are missing. Use nonnegative as27 in CLP/month and the ten fixed lower bounds; otherwise use as28 codes 1–11. Bounds are left-inclusive, including 1,573,000 in band11. No interval midpoints or estimated income. Exact amount takes precedence; disagreements are audited.",context,context
health_insurance,"Participant's health insurance system, including public insurance group",as5_1,"as5_1: as5. (Seleccionado) ¿A qué sistema previsional de salud pertenece, ya sea como cotizante o carga?","{""as5_1"": {""-8888.0"": ""NO SABE"", ""1.0"": ""SISTEMA PÚBLICO FONASA GRUPO A"", ""2.0"": ""SISTEMA PÚBLICO FONASA GRUPO B"", ""3.0"": ""SISTEMA PÚBLICO FONASA GRUPO C"", ""4.0"": ""SISTEMA PÚBLICO FONASA GRUPO D"", ""5.0"": ""SISTEMA PÚBLICO FONASA, NO SABE GRUPO"", ""6.0"": ""FFAA Y DE ORDEN"", ""7.0"": ""ISAPRE"", ""8.0"": ""NINGUNO"", ""9.0"": ""OTRO SISTEMA. ESPECIFIQUE""}}",category,"{""1"": ""Public FONASA A"", ""2"": ""Public FONASA B"", ""3"": ""Public FONASA C"", ""4"": ""Public FONASA D"", ""5"": ""Public FONASA, group unknown"", ""6"": ""Armed forces or police"", ""7"": ""Private ISAPRE"", ""8"": ""None"", ""9"": ""Other""}",Negative special codes and nonfinite values are missing. Preserve categories and unexplained missingness; no fitted transformation.,context,context
smoking_status,"Self-reported current daily, occasional, former or never cigarette smoking",ta3,ta3: ta3. ¿Actualmente fuma Ud. cigarrillos?,"{""ta3"": {""1.0"": ""SÍ, UNO O MÁS CIGARRILLOS AL DÍA"", ""2.0"": ""SÍ, OCASIONALMENTE (MENOS DE UN CIGARRILLO AL DÍA)"", ""3.0"": ""NO, HE DEJADO DE FUMAR"", ""4.0"": ""NO, NUNCA HE FUMADO""}}",category,"{""1"": ""Current daily"", ""2"": ""Current occasional"", ""3"": ""Former"", ""4"": ""Never""}",Negative special codes and nonfinite values are missing. Preserve categories and unexplained missingness; no fitted transformation.,context,context
diabetes_reported,Ever told by a health professional that the participant had diabetes,di3,"di3: di3. Alguna vez un doctor, una enfermera u otro profesional de la salud le ha dicho a Ud. que ha tenido o que tiene o que padece de Diabetes (azúcar alta en la sangre)?","{""di3"": {""1.0"": ""SÍ"", ""2.0"": ""NO"", ""3.0"": ""NO RECUERDO""}}",category,"{""1"": ""Yes"", ""2"": ""No""}","Negative special codes and nonfinite values are missing. di3=3 (does not remember) is missing, although its numeric code is positive.",context,context
dental_visit_reason,Main reason for the most recent dental visit,sb2 + sb3,sb2: sb2. ¿Cuándo fue la última vez que visitó al dentista? | sb3: sb3. Motivo principal de la última visita al dentista,"{""sb2"": {""1.0"": ""HACE MENOS DE 6 MESES"", ""2.0"": ""ENTRE 6 MESES Y UN AÑO"", ""3.0"": ""MÁS DE 1 AÑO Y MENOS DE 2 AÑOS"", ""4.0"": ""2 O MÁS AÑOS, PERO MENOS DE 5 AÑOS"", ""5.0"": ""5 O MÁS AÑOS"", ""6.0"": ""NUNCA LO HE VISITADO""}, ""sb3"": {""-9999.0"": ""NO RESPONDE"", ""-8888.0"": ""NO SABE"", ""1.0"": ""DOLOR O MOLESTIAS CON LOS DIENTES, ENCÍAS O BOCA"", ""2.0"": ""TRATAMIENTO/CONTINUAR UN TRATAMIENTO"", ""3.0"": ""REVISIÓN O CONTROL DE RUTINA""}}",category,"{""1"": ""Pain or discomfort"", ""2"": ""Treatment or continuation"", ""3"": ""Routine check-up"", ""structural"": ""Never visited""}",Negative special codes and nonfinite values are missing. sb2=6 establishes structural 'Never visited'; otherwise unknown/missing sb3 stays missing. A substantive sb3 response with sb2=6 is an inconsistent questionnaire route and raises an error.,context,context
dental_access,Dental care received or unmet need during the previous six months,sb4,"sb4: sb4. En los últimos 6 meses, ¿tuvo atención dental?","{""sb4"": {""-9999.0"": ""NO RESPONDE"", ""-8888.0"": ""NO SABE"", ""-7777.0"": ""NO APLICA"", ""1.0"": ""SÍ"", ""2.0"": ""NO. SOLICITÓ ATENCIÓN, SE LA DIERON, PERO NO PUDO ASISTIR"", ""3.0"": ""NO. SOLICITÓ ATENCIÓN Y NO SE LA DIERON"", ""4.0"": ""NO. NECESITO ATENCIÓN PERO NO LA SOLICITÓ"", ""5.0"": ""NO NECESITÓ ATENCIÓN""}}",category,"{""1"": ""Received care"", ""2"": ""Appointment obtained, unable to attend"", ""3"": ""Requested care, not provided"", ""4"": ""Needed care, did not request"", ""5"": ""Did not need care""}","Negative special codes and nonfinite values are missing. All three negative special codes, including -7777 (not applicable), remain missing; do not interpret missing as no care.",context,context
oral_health_selfrating,Overall self-rated oral health,sb1,"sb1: sb1. En general, usted diría que su salud bucal es:","{""sb1"": {""1.0"": ""MUY BUENA"", ""2.0"": ""BUENA"", ""3.0"": ""REGULAR"", ""4.0"": ""MALA"", ""5.0"": ""MUY MALA""}}",category,"{""1"": ""Very good"", ""2"": ""Good"", ""3"": ""Fair"", ""4"": ""Poor"", ""5"": ""Very poor""}",Negative special codes and nonfinite values are missing. Preserve categories and unexplained missingness; no fitted transformation.,oral symptoms,oral symptoms
oral_pain,Frequency of suffering or pain attributed to teeth or dentures,sb5_2,sb5_2: sb5_2. Mis dientes o prótesis son causa de sufrimiento y dolor,"{""sb5_2"": {""1.0"": ""NUNCA"", ""2.0"": ""CASI NUNCA"", ""3.0"": ""A VECES"", ""4.0"": ""CASI SIEMPRE"", ""5.0"": ""SIEMPRE""}}",category,"{""1"": ""Never"", ""2"": ""Almost never"", ""3"": ""Sometimes"", ""4"": ""Almost always"", ""5"": ""Always""}",Negative special codes and nonfinite values are missing. Preserve categories and unexplained missingness; no fitted transformation.,oral symptoms,oral symptoms
oral_speech,Frequency of discomfort from teeth or dentures when speaking,sb5_1,sb5_1: sb5_1. Mis dientes o prótesis me incomodan cuando hablo ,"{""sb5_1"": {""1.0"": ""NUNCA"", ""2.0"": ""CASI NUNCA"", ""3.0"": ""A VECES"", ""4.0"": ""CASI SIEMPRE"", ""5.0"": ""SIEMPRE""}}",category,"{""1"": ""Never"", ""2"": ""Almost never"", ""3"": ""Sometimes"", ""4"": ""Almost always"", ""5"": ""Always""}",Negative special codes and nonfinite values are missing. Preserve categories and unexplained missingness; no fitted transformation.,oral symptoms,oral symptoms
oral_eating,Frequency of discomfort from teeth or dentures when eating,sb5_3,sb5_3: sb5_3. Mis dientes o prótesis me producen incomodidad cuando como,"{""sb5_3"": {""1.0"": ""NUNCA"", ""2.0"": ""CASI NUNCA"", ""3.0"": ""A VECES"", ""4.0"": ""CASI SIEMPRE"", ""5.0"": ""SIEMPRE""}}",category,"{""1"": ""Never"", ""2"": ""Almost never"", ""3"": ""Sometimes"", ""4"": ""Almost always"", ""5"": ""Always""}",Negative special codes and nonfinite values are missing. Preserve categories and unexplained missingness; no fitted transformation.,oral symptoms,oral symptoms
oral_daily_activities,Frequency of interference with daily activities from teeth or dentures,sb5_4,"sb5_4: sb5_4. Mis dientes o prótesis interfieren con mis actividades diarias (trabajo, estudio, labores de casa, etc.)","{""sb5_4"": {""1.0"": ""NUNCA"", ""2.0"": ""CASI NUNCA"", ""3.0"": ""A VECES"", ""4.0"": ""CASI SIEMPRE"", ""5.0"": ""SIEMPRE""}}",category,"{""1"": ""Never"", ""2"": ""Almost never"", ""3"": ""Sometimes"", ""4"": ""Almost always"", ""5"": ""Always""}",Negative special codes and nonfinite values are missing. Preserve categories and unexplained missingness; no fitted transformation.,oral symptoms,oral symptoms
oral_social,Frequency of interference with social relationships from teeth or dentures,sb5_5,sb5_5: sb5_5. Mis dientes o prótesis interfieren con mis relaciones sociales,"{""sb5_5"": {""1.0"": ""NUNCA"", ""2.0"": ""CASI NUNCA"", ""3.0"": ""A VECES"", ""4.0"": ""CASI SIEMPRE"", ""5.0"": ""SIEMPRE""}}",category,"{""1"": ""Never"", ""2"": ""Almost never"", ""3"": ""Sometimes"", ""4"": ""Almost always"", ""5"": ""Always""}",Negative special codes and nonfinite values are missing. Preserve categories and unexplained missingness; no fitted transformation.,oral symptoms,oral symptoms
